ValueToReach;PT1;PT2;P;I;D;PID;
230.0;0.0;0.0;0.0;0.0;0.0;0.0;
230.0;0.0;0.0;0.0;0.0;0.0;0.0;
230.0;0.0;0.0;0.0;0.0;0.0;0.0;
230.0;1.5333333333333334;0.0;46.0;1.5333333333333337;48.185;92.0;
230.0;3.0053333333333336;0.05111111111111111;46.0;3.0666666666666673;2.185;52.900000000000006;
230.0;4.418453333333334;0.1499259259259259;46.0;4.600000000000001;2.185;67.275;
230.0;5.775048533333334;0.29319604938271604;46.0;6.133333333333335;2.185;59.93225;
230.0;7.077379925333334;0.47782604115226335;46.0;7.666666666666668;2.185;61.4999875;
230.0;8.327618061653334;0.7008675498491084;46.0;9.200000000000001;2.185;59.498570625000006;
230.0;9.527846672520534;0.9595136343557384;46.0;10.733333333333334;2.185;59.00920896875;
230.0;10.680066138953046;1.251093267606572;46.0;12.266666666666667;2.185;57.959507476562514;
230.0;11.786196826728258;1.5730660182393204;46.0;13.8;2.185;57.191320609921874;
230.0;12.848082286992462;1.9230169055841877;46.0;15.333333333333334;2.185;56.359434251316415;
230.0;13.867492328846097;2.2986514235261892;46.0;16.866666666666667;2.185;55.60230387609356;
230.0;14.846125969025588;2.6977907288423895;46.0;18.400000000000002;2.185;54.86144648986486;
230.0;15.785614263597898;3.1183669896839192;46.0;19.933333333333337;2.185;54.15869408110216;
230.0;16.687523026387314;3.5584188899420015;46.0;21.466666666666672;2.185;53.48324587565349;
230.0;17.553355438665154;4.016087285307744;46.0;23.000000000000007;2.185;52.83767592323926;
230.0;18.38455455445188;4.4896110069069595;46.0;24.533333333333342;2.185;52.219187649286454;
230.0;19.18250570560714;4.977322808463594;46.0;26.066666666666677;2.185;51.62724681717086;
230.0;19.94853881071619;5.477645453018355;46.0;27.600000000000012;2.185;51.0604689326657;
230.0;20.683930591620875;5.989087935302625;46.0;29.133333333333347;2.185;50.517884171662764;
230.0;21.389906701289373;6.510241835941697;46.0;30.666666666666682;2.185;49.998419178154144;
230.0;22.06764376657113;7.0397778037355385;46.0;32.20000000000002;2.185;49.50110537493326;
230.0;22.71827134924162;7.576442162339646;46.0;33.73333333333335;2.185;49.024991435693394;
230.0;23.34287382860529;8.119053637742944;46.0;35.26666666666668;2.185;48.56917638585536;
230.0;23.94249220879441;8.666500203014014;46.0;36.80000000000001;2.185;48.132793672140856;
230.0;24.518125853775967;9.217736036861131;46.0;38.33333333333334;2.185;47.71501531016107;
230.0;25.070734152958263;9.771778592625534;46.0;39.866666666666674;2.185;47.31504795272352;
230.0;25.601238120173267;10.32770577440094;46.0;41.400000000000006;2.185;46.932132344960756;
230.0;26.11052192869967;10.884653217045596;46.0;42.93333333333334;2.185;46.56554149129059;
230.0;26.599434384885015;11.441811666925851;46.0;44.46666666666667;2.185;46.214579434744515;
230.0;27.068790342822947;11.998424460302473;46.0;46.0;2.185;45.87857987071281;
230.0;27.519372062443363;12.55378509634253;46.0;47.53333333333333;2.185;45.556904908442405;
230.0;27.951930513278963;13.107234901810624;46.0;49.06666666666666;2.185;45.24894384922133;
230.0;28.36718662608114;13.658160784563501;46.0;50.599999999999994;2.185;44.95411203136427;
230.0;28.765832494371228;14.20599307304155;46.0;52.133333333333326;2.185;44.67184971844666;
230.0;29.148532527929714;14.75020343901942;46.0;53.66666666666666;2.185;44.40162103737774;
230.0;29.51592456014586;15.290302900945823;46.0;55.19999999999999;2.185;44.14291296075194;
230.0;29.868620911073357;15.82583990526955;46.0;56.73333333333332;2.185;43.89523433299089;
230.0;30.207209407963756;16.35639848321488;46.0;58.26666666666665;2.185;43.65811493783824;
230.0;30.532254364978538;16.881596480534604;46.0;59.79999999999998;2.185;43.43110460567748;
230.0;30.84429752371273;17.40108385783317;46.0;61.333333333333314;2.185;43.21377235887953;
230.0;31.143858956097553;17.914541059115567;46.0;62.866666666666646;2.185;43.00570559359795;
230.0;31.431437931186984;18.4216774462798;46.0;64.39999999999998;2.185;42.8065092964419;
230.0;31.707513747272838;18.922229797332044;46.0;65.93333333333331;2.185;42.61580529454625;
230.0;31.972546530715256;19.41596086616354;46.0;67.46666666666664;2.185;42.43323153761278;
230.0;32.226978002819976;19.902658001787607;46.0;68.99999999999997;2.185;42.25844141056006;
230.0;32.47123221604051;20.382131824992964;46.0;70.5333333333333;2.185;42.091103075477015;
230.0;32.705716260732224;20.85421496042669;46.0;72.06666666666663;2.185;41.930898841630786;
230.0;32.93082094363627;21.318760822175957;46.0;73.59999999999997;2.185;41.77752456233297;
230.0;33.14692143922415;21.77564245097248;46.0;75.1333333333333;2.185;41.630689057519135;
230.0;33.35437791498852;22.224751401197445;46.0;76.66666666666663;2.185;41.49011356094538;
230.0;33.55353613172231;22.665996675917228;46.0;78.19999999999996;2.185;41.355531190952426;
230.0;33.74472801978675;23.099303708231872;46.0;79.73333333333329;2.185;41.22668644379253;
230.0;33.92827223232861;23.52461338726876;46.0;81.26666666666662;2.185;41.10333470855735;
230.0;34.104474676368795;23.941881127203327;46.0;82.79999999999995;2.185;40.985241802785616;
230.0;34.27362902264738;24.351075977737008;46.0;84.33333333333329;2.185;40.87218352786945;
230.0;34.43601719507482;24.752179774509948;46.0;85.86666666666662;2.185;40.7639452434146;
230.0;34.59190984060516;25.145186327972155;46.0;87.39999999999995;2.185;40.660321459747124;
230.0;34.74156678031429;25.53010064928198;46.0;88.93333333333328;2.185;40.561115447792595;
230.0;34.88523744243505;25.906938211844963;46.0;90.46666666666661;2.185;40.46613886558731;
230.0;35.02316127807098;26.27572424714915;46.0;91.99999999999994;2.185;40.37521140071213;
230.0;35.155568160281476;26.63649307359504;46.0;93.53333333333327;2.185;40.28816042797072;
230.0;35.28267876720355;26.989287457059454;46.0;95.0666666666666;2.185;40.20482068166163;
230.0;35.40470494984874;27.334158001972558;46.0;96.59999999999994;2.185;40.12503394182248;
230.0;35.52185008518813;27.671162571726484;46.0;98.13333333333327;2.185;40.04864873385039;
230.0;35.63430941511393;28.000365737271963;46.0;99.6666666666666;2.185;39.97552004092849;
230.0;35.74227037184271;28.321838252796553;46.0;101.19999999999993;2.185;39.90550902871233;
230.0;35.84591289030233;28.635656557414254;46.0;102.73333333333326;2.185;39.83848278175388;
230.0;35.94540970802357;28.94190230183149;46.0;104.2666666666666;2.185;39.77431405116244;
230.0;36.04092665303596;29.2406618989888;46.0;105.79999999999993;2.185;39.71288101302337;
230.0;36.132622920247854;29.53202609771096;46.0;107.33333333333326;2.185;39.65406703711619;
230.0;36.220651336771276;29.81608957843077;46.0;108.86666666666659;2.185;39.597760465493025;
230.0;36.30515861663376;30.09295057008342;46.0;110.39999999999992;2.185;39.543854400496485;
230.0;36.386285605301744;30.362710487299097;46.0;111.93333333333325;2.185;39.49224650181534;
230.0;36.46416751442301;30.625473587051395;46.0;113.46666666666658;2.185;39.44283879219206;
230.0;36.538934147179425;30.881346643948255;46.0;114.99999999999991;2.185;39.39553747141363;
230.0;36.61071011462558;31.130438643380366;46.0;116.53333333333325;2.185;39.35025273823239;
230.0;36.67961504337389;31.372860491769515;46.0;118.06666666666658;2.185;39.30689861987913;
230.0;36.74576377497227;31.60872474318599;46.0;119.59999999999991;2.185;39.26539280884416;
230.0;36.809266557306714;31.83814534163012;46.0;121.13333333333324;2.185;39.22565650661715;
230.0;36.87022922834778;32.06123737829817;46.0;122.66666666666657;2.185;39.18761427408865;
230.0;36.9287533925472;32.278116863177296;46.0;124.1999999999999;2.185;39.15119388832945;
230.0;36.98493659017865;32.48890051033786;46.0;125.73333333333323;2.185;39.116326205475765;
230.0;37.03887245990484;32.69370553631459;46.0;127.26666666666657;2.185;39.08294502946016;
230.0;37.09065089484198;32.89264947099019;46.0;128.7999999999999;2.185;39.05098698633863;
230.0;37.14035819238163;33.08584998041678;46.0;130.33333333333323;2.185;39.02039140397572;
230.0;37.1880771980197;33.273424701031395;46.0;131.86666666666656;2.185;38.9911001968587;
230.0;37.233887443432245;33.455491084742256;46.0;133.3999999999999;2.185;38.963057755822824;
230.0;37.27786527902829;33.63216625438213;46.0;134.93333333333322;2.185;38.93621084247744;
230.0;37.32008400120049;33.803566869044126;46.0;136.46666666666655;2.185;38.910508488133495;
230.0;37.36061397448581;33.969808998833926;46.0;137.9999999999999;2.185;38.88590189703962;
230.0;37.39952274883971;34.13100800859013;46.0;139.53333333333322;2.185;38.86234435374386;
230.0;37.43687517221945;34.28727845014192;46.0;141.06666666666655;2.185;38.83979113440458;
230.0;37.472733498664006;34.43873396268991;46.0;142.59999999999988;2.185;38.81819942188262;
230.0;37.50715749205078;34.58548718091229;46.0;144.1333333333332;2.185;38.79752822445323;
230.0;37.54020452570208;34.72764965041404;46.0;145.66666666666654;2.185;38.7777382979835;
230.0;37.57192967800733;34.86533175015223;46.0;147.19999999999987;2.185;38.758792071427685;
230.0;37.60238582422037;34.998642621485104;46.0;148.7333333333332;2.185;38.74065357549879;
230.0;37.63162372458489;35.127690103506694;46.0;150.26666666666654;2.185;38.723288374381134;
230.0;37.65969210893483;35.25258067434264;46.0;151.79999999999987;2.185;38.70666350035415;
230.0;37.686637757910766;35.373419398095955;46.0;153.3333333333332;2.185;38.69074739120342;
230.0;37.71250558092767;35.49030987714438;46.0;154.86666666666653;2.185;38.67550983030001;
230.0;37.73733869102389;35.603354209503216;46.0;156.39999999999986;2.185;38.66092188923433;
230.0;37.761178476716275;35.71265295097972;46.0;157.9333333333332;2.185;38.646955872895894;
230.0;37.78406467098095;35.818305081856224;46.0;159.46666666666653;2.185;38.63358526689412;
230.0;37.80603541747505;35.92040797785077;46.0;160.99999999999986;2.185;38.62078468722116;
230.0;37.827127334109385;36.019057385114316;46.0;162.5333333333332;2.185;38.608529832060356;
230.0;37.84737557407834;36.11434739903427;46.0;164.06666666666652;2.185;38.59679743564945;
230.0;37.86681388444854;36.20637044662386;46.0;165.59999999999985;2.185;38.58556522411074;
230.0;37.88547466240393;36.295217272286536;46.0;167.13333333333318;2.185;38.574811873164194;
230.0;37.9033890092411;36.38097692675398;46.0;168.66666666666652;2.185;38.56451696764348;
230.0;37.92058678220479;36.46373675900499;46.0;170.19999999999985;2.185;38.55466096273796;
230.0;37.937096644249934;36.54358241098137;46.0;171.73333333333318;2.185;38.545225146886835;
230.0;37.95294611181327;36.6205978149251;46.0;173.2666666666665;2.185;38.536191606255564;
230.0;37.96816160067407;36.69486519316904;46.0;174.79999999999984;2.185;38.527543190726426;
230.0;37.98276846998044;36.76646506022127;46.0;176.33333333333317;2.185;38.5192634813392;
230.0;37.99679106451456;36.83547622699024;46.0;177.8666666666665;2.185;38.511336759119864;
230.0;38.01025275526731;36.90197580700542;46.0;179.39999999999984;2.185;38.50374797523821;
230.0;38.02317597838995;36.966039224494715;46.0;180.93333333333317;2.185;38.49648272243777;
230.0;38.03558227258769;37.027740224186495;46.0;182.4666666666665;2.185;38.48952720768367;
230.0;38.047492315017514;37.08715088271061;46.0;183.99999999999983;2.185;38.48286822597675;
230.0;38.05892595575015;37.144341621478645;46.0;185.53333333333316;2.185;38.476493135283846;
230.0;38.069902250853474;37.19938122092964;46.0;187.0666666666665;2.185;38.47038983253705;
230.0;38.08043949415267;37.25233683603304;46.0;188.59999999999982;2.185;38.464546730656075;
230.0;38.0905552477199;37.30327401294608;46.0;190.13333333333316;2.185;38.45895273655029;
230.0;38.100266371144436;37.35225670672799;46.0;191.6666666666665;2.185;38.453597230058534;
230.0;38.10958904963199;37.39934730001829;46.0;193.19999999999982;2.185;38.448470043786806;
230.0;38.11853882098005;37.44460662259138;46.0;194.73333333333315;2.185;38.443561443805564;
230.0;38.12713060147418;37.48809397170402;46.0;196.26666666666648;2.185;38.438862111169925;
230.0;38.13537871074855;37.5298671331568;46.0;197.7999999999998;2.185;38.43436312422762;
230.0;38.143296895651936;37.5699824029949;46.0;199.33333333333314;2.185;38.430055941681466;
230.0;38.15089835315919;37.60849460977737;46.0;200.86666666666648;2.185;38.425932386373574;
230.0;38.158195752366154;37.64545713734812;46.0;202.3999999999998;2.185;38.42198462976124;
230.0;38.16520125560484;37.68092194804556;46.0;203.93333333333314;2.185;38.41820517705437;
230.0;38.17192653871398;37.71493960629115;46.0;205.46666666666647;2.185;38.414586852986794;
230.0;38.17838281049875;37.747559302500754;46.0;206.9999999999998;2.185;38.41112278819394;
230.0;38.184580831412134;37.778828877265774;46.0;208.53333333333313;2.185;38.40780640617151;
230.0;38.19053093148898;37.808794845754235;46.0;210.06666666666646;2.185;38.404631410789975;
230.0;38.19624302756275;37.83750242228489;46.0;211.5999999999998;2.185;38.40159177434137;
230.0;38.20172663979358;37.864995545030276;46.0;213.13333333333313;2.185;38.39868172609585;
230.0;38.206990907535165;37.89131690080736;46.0;214.66666666666646;2.185;38.39589574134585;
230.0;38.21204460456709;37.91650794991705;46.0;216.1999999999998;2.185;38.393228530917604;
230.0;38.21689615371774;37.94060895099612;46.0;217.73333333333312;2.185;38.390675031129554;
230.0;38.221553640902364;37.963658985847815;46.0;219.26666666666645;2.185;38.388230394179125;
230.0;38.226024828599606;37.98569598421918;46.0;220.79999999999978;2.185;38.38588997893905;
230.0;38.23031716878896;38.00675674849576;46.0;222.33333333333312;2.185;38.383649342146335;
230.0;38.23443781537073;38.02687697828606;46.0;223.86666666666645;2.185;38.381504229966716;
230.0;38.238393636089235;38.04609129487012;46.0;225.39999999999978;2.185;38.37945056991877;
230.0;38.242191223979;38.064433265488645;46.0;226.9333333333331;2.185;38.37748446314234;
230.0;38.24583690835317;38.08193542745055;46.0;228.46666666666644;2.185;38.3756021769966;
230.0;38.249336765352375;38.09862931203879;46.0;229.99999999999977;2.185;38.37380013797364;
230.0;38.25269662807161;38.11454546819565;46.0;231.5333333333331;2.185;38.37207492491419;
230.0;38.25592209628208;38.12971348597045;46.0;233.06666666666644;2.185;38.37042326251251;
230.0;38.25901854576413;38.144162019713775;46.0;234.59999999999977;2.185;38.36884201509842;
230.0;38.2619911372669;38.15791881100403;46.0;236.1333333333331;2.185;38.367328180684;
230.0;38.264844825109556;38.1710107112931;46.0;237.66666666666643;2.185;38.365878885264586;
230.0;38.26758436543851;38.18346370425934;46.0;239.19999999999976;2.185;38.36449137736229;
230.0;38.2702143241543;38.19530292785721;46.0;240.7333333333331;2.185;38.363163022802446;
230.0;38.27273908452146;38.206552696054;46.0;242.26666666666642;2.185;38.361891299712646;
230.0;38.27516285447393;38.21723652024496;46.0;243.79999999999976;2.185;38.360673793734904;
230.0;38.27748967362831;38.22737713033956;46.0;245.3333333333331;2.185;38.35950819344212;
230.0;38.27972342001651;38.236996495511974;46.0;246.86666666666642;2.185;38.35839228594979;
230.0;38.28186781654918;38.24611584461022;46.0;248.39999999999975;2.185;38.357323952714815;
230.0;38.28392643722054;38.25475568621901;46.0;249.93333333333308;2.185;38.35630116551356;
230.0;38.285902713065056;38.262935828372186;46.0;251.4666666666664;2.185;38.35532198259123;
230.0;38.28779993787579;38.2706753979113;46.0;252.99999999999974;2.185;38.354384544975474;
230.0;38.28962127369409;38.277992859487746;46.0;254.53333333333308;2.185;38.35348707294709;
230.0;38.29136975607966;38.28490603420633;46.0;256.06666666666644;2.185;38.352627862661336;
230.0;38.293048299169804;38.291432117908805;46.0;257.5999999999998;2.185;38.3518052829131;
230.0;38.29465970053634;38.29758769909662;46.0;259.13333333333316;2.185;38.35101777204013;
230.0;38.29620664584822;38.303388776492476;46.0;260.6666666666665;2.185;38.35026383495817;
230.0;38.297691713347625;38.308850776240924;46.0;262.1999999999999;2.185;38.34954204032264;
230.0;38.29911737814705;38.3139885687486;46.0;263.73333333333323;2.185;38.34885101781115;
230.0;38.300486016354505;38.318816485165215;46.0;265.2666666666666;2.185;38.348189455521954;
230.0;38.301799909033655;38.323348333506836;46.0;266.79999999999995;2.185;38.347556097483434;
230.0;38.30306124600564;38.32759741442324;46.0;268.3333333333333;2.185;38.346949741269434;
230.0;38.30427212949875;38.33157653661165;46.0;269.8666666666667;2.185;38.346369235716736;
230.0;38.30543457765213;38.33529803187938;46.0;271.40000000000003;2.185;38.34581347873929;
230.0;38.306550527879374;38.33877376985823;46.0;272.9333333333334;2.185;38.345281415236144;
230.0;38.30762184009753;38.342015172373756;46.0;274.46666666666675;2.185;38.34477203508819;
230.0;38.308650299826965;38.34503322747288;46.0;276.0000000000001;2.185;38.3442843712406;
230.0;38.30963762116722;38.347838503113344;46.0;277.5333333333335;2.185;38.34381749786672;
230.0;38.310585449653864;38.350441160518926;46.0;279.06666666666683;2.185;38.343370528610535;
230.0;38.31149536500104;38.352850967204425;46.0;280.6000000000002;2.185;38.34294261490382;
230.0;38.31236888373434;38.35507730967465;46.0;282.13333333333355;2.185;38.342532944355206;
230.0;38.3132074617183;38.35712920580169;46.0;283.6666666666669;2.185;38.34214073920785;
230.0;38.3140124965829;38.35901531688514;46.0;285.2000000000003;2.185;38.34176525486285;
230.0;38.31478533005291;38.36074395939974;46.0;286.73333333333363;2.185;38.34140577846563;
230.0;38.31552725018413;38.3623231164353;46.0;288.266666666667;2.185;38.34106162755261;
230.0;38.3162394935101;38.36376044883373;46.0;289.80000000000035;2.185;38.34073214875552;
230.0;38.316923247103034;38.36506330602813;46.0;291.3333333333337;2.185;38.34041671656106;
230.0;38.31757965055225;38.3662387365889;46.0;292.8666666666671;2.185;38.34011473212323;
230.0;38.31820979786349;38.36729349848203;46.0;294.40000000000043;2.185;38.339825622126604;
230.0;38.31881473928228;38.368234069044604;46.0;295.9333333333338;2.185;38.33954883769769;
230.0;38.319395483044325;38.36906665468281;46.0;297.46666666666715;2.185;38.339283853363106;
230.0;38.319952997055886;38.369797200297526;46.0;299.0000000000005;2.185;38.339030166051806;
230.0;38.32048821050699;38.37043139844279;46.0;300.53333333333387;2.185;38.338787294140104;
230.0;38.32100201542004;38.37097469822242;46.0;302.06666666666723;2.185;38.33855477653726;
230.0;38.32149526813657;38.37143231392993;46.0;303.6000000000006;2.185;38.33833217181014;
230.0;38.32196879074444;38.371809233437084;46.0;305.13333333333395;2.185;38.338119057345104;
230.0;38.322423372448;38.3721102263363;46.0;306.6666666666673;2.185;38.33791502854576;
230.0;38.32285977088341;38.37233985184209;46.0;308.20000000000067;2.185;38.33771969806477;
230.0;38.323278713381406;38.37250246645683;46.0;309.73333333333403;2.185;38.337532695068454;
230.0;38.32368089817948;38.37260223140591;46.0;311.2666666666674;2.185;38.33735366453291;
230.0;38.32406699558564;38.372643119847545;46.0;312.80000000000075;2.185;38.337182266569805;
230.0;38.32443764909554;38.372628923862315;46.0;314.3333333333341;2.185;38.337018175781225;
230.0;38.324793476465054;38.37256326122741;46.0;315.86666666666747;2.185;38.3368610806419;
230.0;38.32513507073978;38.3724495819808;46.0;317.40000000000083;2.185;38.33671068290772;
230.0;38.32546300124353;38.3722911747801;46.0;318.9333333333342;2.185;38.336566697049584;
230.0;38.32577781452712;38.37209117306126;46.0;320.46666666666755;2.185;38.33642884971128;
230.0;38.32608003527937;38.37185256100174;46.0;322.0000000000009;2.185;38.336296879190535;
230.0;38.326370167201524;38.371578179293216;46.0;323.53333333333427;2.185;38.336170534942205;
230.0;38.3266486938468;38.37127073072837;46.0;325.06666666666763;2.185;38.33604957710252;
230.0;38.32691607942626;38.37093278560657;46.0;326.600000000001;2.185;38.33593377603384;
230.0;38.327172769582546;38.370566786963025;46.0;328.13333333333435;2.185;38.335822911888606;
230.0;38.32741919213258;38.37017505562602;46.0;329.6666666666677;2.185;38.33571677419192;
230.0;38.32765575778061;38.369759795106646;46.0;331.20000000000107;2.185;38.33561516144212;
230.0;38.327882860802724;38.3693230963255;46.0;332.73333333333443;2.185;38.33551788072801;
230.0;38.328100879703946;38.36886694218074;46.0;334.2666666666678;2.185;38.335424747362836;
230.0;38.32831017784912;38.36839321196164;46.0;335.80000000000115;2.185;38.335335584533496;
230.0;38.32851110406849;38.36790368561201;46.0;337.3333333333345;2.185;38.33525022296492;
230.0;38.32870399323908;38.367400047847525;46.0;338.86666666666787;2.185;38.33516850059876;
230.0;38.32888916684285;38.366883892130964;46.0;340.4000000000012;2.185;38.33509026228564;
230.0;38.32906693350247;38.36635672450949;46.0;341.9333333333346;2.185;38.335015359490626;
230.0;38.329237589495705;38.36581996731771;46.0;343.46666666666795;2.185;38.33494365001124;
230.0;38.32940141924921;38.36527496275049;46.0;345.0000000000013;2.185;38.33487499770753;
230.0;38.32955869581257;38.3647229763091;46.0;346.53333333333467;2.185;38.334809272243525;
230.0;38.3297096813134;38.36416520012458;46.0;348.066666666668;2.185;38.33474634883988;
230.0;38.3298546273942;38.36360275616173;46.0;349.6000000000014;2.185;38.334686108036905;
230.0;38.32999377563176;38.36303669930735;46.0;351.13333333333475;2.185;38.33462843546784;
230.0;38.33012735793983;38.36246802034616;46.0;352.6666666666681;2.185;38.33457322164171;
230.0;38.33025559695557;38.36189764882774;46.0;354.20000000000147;2.185;38.33452036173541;
230.0;38.33037870641068;38.36132645582787;46.0;355.7333333333348;2.185;38.334469755394736;
230.0;38.330496891487584;38.360755256607334;46.0;357.2666666666682;2.185;38.33442130654391;
230.0;38.33061034916141;38.36018481317151;46.0;358.80000000000155;2.185;38.3343749232031;
230.0;38.330719268528284;38.3596158367337;46.0;360.3333333333349;2.185;38.33433051731384;
230.0;38.33082383112048;38.3590489900853;46.0;361.86666666666827;2.185;38.33428800457181;
230.0;38.330924211208995;38.35848488987559;46.0;363.4000000000016;2.185;38.33424730426689;
230.0;38.33102057609397;38.35792410880419;46.0;364.933333333335;2.185;38.3342083391298;
230.0;38.331113086383546;38.35736717772883;46.0;366.46666666666835;2.185;38.33417103518547;
230.0;38.33120189626154;38.356814587691204;46.0;368.0000000000017;2.185;38.334135321612635;
230.0;38.33128715374441;38.356266791863554;46.0;369.53333333333507;2.185;38.33410113060929;
230.0;38.33136900092797;38.355724207418604;46.0;371.0666666666684;2.185;38.33406839726403;
230.0;38.331447574224185;38.35518721732527;46.0;372.6000000000018;2.185;38.33403705943284;
230.0;38.331523004588554;38.35465617207272;46.0;374.13333333333514;2.185;38.33400705762104;
230.0;38.33159541773835;38.35413139132502;46.0;375.6666666666685;2.185;38.33397833487038;
230.0;38.331664934362145;38.35361316550884;46.0;377.20000000000186;2.185;38.33395083665091;
230.0;38.33173167032099;38.35310175733642;46.0;378.7333333333352;2.185;38.333924510757456;
230.0;38.331795736841485;38.352597403265925;46.0;380.2666666666686;2.185;38.333899307210444;
230.0;38.33185724070116;38.35210031490146;46.0;381.80000000000194;2.185;38.33387517816115;
230.0;38.33191628440645;38.351610680334716;46.0;383.3333333333353;2.185;38.333852077800714;
230.0;38.33197296636352;38.35112866543033;46.0;384.86666666666866;2.185;38.333829962273235;
230.0;38.332027381042316;38.3506544150569;46.0;386.400000000002;2.185;38.33380878959257;
230.0;38.33207961913396;38.35018805426557;46.0;387.9333333333354;2.185;38.33378851956246;
230.0;38.33212976770193;38.349729689418034;46.0;389.46666666666874;2.185;38.33376911370046;
230.0;38.33217791032718;38.349279409265755;46.0;391.0000000000021;2.185;38.33375053516461;
230.0;38.33222412724743;38.348837285982185;46.0;392.53333333333546;2.185;38.33373274868372;
230.0;38.332268495490865;38.348403376149605;46.0;394.0666666666688;2.185;38.33371572049024;
230.0;38.33231108900456;38.347977721702335;46.0;395.6000000000022;2.185;38.333699418256295;
230.0;38.332351978777716;38.34756035082779;46.0;397.13333333333554;2.185;38.33368381103215;
230.0;38.33239123295994;38.34715127882706;46.0;398.6666666666689;2.185;38.333668869187626;
230.0;38.33242891697488;38.34675050893639;46.0;400.20000000000226;2.185;38.33365456435575;
230.0;38.33246509362922;38.3463580331111;46.0;401.7333333333356;2.185;38.333640869378826;
230.0;38.33249982321738;38.34597383277336;46.0;403.266666666669;2.185;38.3336277582571;
230.0;38.332533163622024;38.3455978795251;46.0;404.80000000000234;2.185;38.33361520609915;
230.0;38.332565170410476;38.34523013582747;46.0;406.3333333333357;2.185;38.33360318907479;
230.0;38.33259589692739;38.34487055564809;46.0;407.86666666666906;2.185;38.333591684369814;
230.0;38.332625394383626;38.34451908507735;46.0;409.4000000000024;2.185;38.33358067014256;
230.0;38.33265371194162;38.34417566291491;46.0;410.9333333333358;2.185;38.33357012548264;
230.0;38.332680896797285;38.34384022122763;46.0;412.46666666666914;2.185;38.33356003037104;
230.0;38.33270699425873;38.343512685880064;46.0;414.0000000000025;2.185;38.33355036564231;
230.0;38.332732047821715;38.34319297703848;46.0;415.53333333333586;2.185;38.33354111294798;
230.0;38.33275609924218;38.3428810096496;46.0;417.0666666666692;2.185;38.33353225472188;
230.0;38.33277918860583;38.34257669389504;46.0;418.6000000000026;2.185;38.33352377414675;
230.0;38.332801354394924;38.342279935622365;46.0;420.13333333333594;2.185;38.33351565512225;
230.0;38.33282263355246;38.341990636753785;46.0;421.6666666666693;2.185;38.33350788223447;
230.0;38.3328430615437;38.34170869567339;46.0;423.20000000000266;2.185;38.33350044072664;
230.0;38.33286267241528;38.3414340075938;46.0;424.733333333336;2.185;38.33349331647109;
230.0;38.332881498852004;38.341166464903054;46.0;426.2666666666694;2.185;38.33348649594248;
230.0;38.332899572231256;38.34090595749268;46.0;427.80000000000274;2.185;38.3334799661921;
230.0;38.33291692267534;38.34065237306757;46.0;429.3333333333361;2.185;38.33347371482322;
230.0;38.332933579101656;38.34040559743859;46.0;430.86666666666946;2.185;38.333467729967694;
230.0;38.33294956927092;38.340165514798564;46.0;432.4000000000028;2.185;38.33346200026328;
230.0;38.33296491983342;38.3399320079824;46.0;433.9333333333362;2.185;38.3334565148322;
230.0;38.33297965637342;38.339704958712026;46.0;435.46666666666954;2.185;38.33345126326041;
230.0;38.332993803451814;38.33948424782681;46.0;437.0000000000029;2.185;38.333446235577775;
230.0;38.333007384647075;38.339269755500105;46.0;438.53333333333626;2.185;38.33344142223933;
230.0;38.33302042259452;38.339061361442525;46.0;440.0666666666696;2.185;38.33343681410697;
230.0;38.33303293902407;38.33885894509256;46.0;441.600000000003;2.185;38.33343240243217;
230.0;38.33304495479644;38.33866238579511;46.0;443.13333333333634;2.185;38.33342817883941;
230.0;38.33305648993792;38.33847156296848;46.0;444.6666666666697;2.185;38.33342413531022;
230.0;38.33306756367374;38.33828635626034;46.0;446.20000000000306;2.185;38.33342026416799;
230.0;38.33307819446012;38.33810664569323;46.0;447.7333333333364;2.185;38.333416558063384;
230.0;38.33308840001505;38.337932311800024;46.0;449.2666666666698;2.185;38.333413009960374;
230.0;38.33309819734778;38.33776323574989;46.0;450.80000000000314;2.185;38.33340961312293;
230.0;38.3331076027872;38.33759929946514;46.0;452.3333333333365;2.185;38.333406361102156;
230.0;38.333116632009045;38.33744038572949;46.0;453.86666666666986;2.185;38.33340324772413;
230.0;38.333125300062015;38.337286378288034;46.0;455.4000000000032;2.185;38.33340026707811;
230.0;38.33313362139287;38.33713716193948;46.0;456.9333333333366;2.185;38.333397413505374;
-20.0;38.33314160987049;38.33699262262089;46.0;458.46666666666994;2.185;38.33339468158842;
-20.0;38.333149278809;38.3368526474854;46.0;460.0000000000033;2.185;38.33339206614072;
-20.0;36.66648997432331;38.33671712497323;-4.0;459.86666666666997;-50.190000000000005;-61.666610437803115;
-20.0;35.06649704201705;38.28103038932077;-4.0;459.73333333333665;-0.19;-19.166612834996833;
-20.0;33.53050382700303;38.17349603543407;-4.0;459.6000000000033;-0.19;-34.79161512999148;
-20.0;32.055950340589575;38.01764482017628;-4.0;459.46666666667;-0.19;-26.810367327144075;
-20.0;30.64037899363266;37.816841246777315;-4.0;459.33333333333667;-0.19;-28.514431930625918;
-20.0;29.28143050055402;37.57428994073361;-4.0;459.20000000000334;-0.19;-26.338980819430443;
-20.0;27.976839947198528;37.29304182231933;-4.0;459.06666666667;-0.19;-25.80706790363085;
-20.0;26.724433015977255;36.97600008076725;-4.0;458.9333333333367;-0.19;-24.666089866574843;
-20.0;25.52212236200483;36.6259259551111;-4.0;458.80000000000337;-0.19;-23.831105909032196;
-20.0;24.367904134191303;36.24544432661323;-4.0;458.66666666667004;-0.19;-22.926883297931898;
-20.0;23.259854635490317;35.83704912763063;-4.0;458.5333333333367;-0.19;-22.1039171183851;
-20.0;22.196127116737372;35.403108571700265;-4.0;458.4000000000034;-0.19;-21.298638901305246;
-20.0;21.174948698734543;34.94587020955064;-4.0;458.26666666667006;-0.19;-20.534779071888074;
-20.0;20.194617417451827;34.46746581567095;-4.0;458.13333333333674;-0.19;-19.800597661047487;
-20.0;19.25349938742042;33.969916109992724;-4.0;458.0000000000034;-0.19;-19.098892551612465;
-20.0;18.35002607859027;33.455135319161045;-4.0;457.8666666666701;-0.19;-18.426623991195374;
-20.0;17.482691702113325;32.924935581793704;-4.0;457.73333333333676;-0.19;-17.783211290286314;
-20.0;16.65005070069546;32.38103120204753;-4.0;457.60000000000343;-0.19;-17.16714956622367;
-20.0;15.850715339334307;31.825042755730934;-4.0;457.4666666666701;-0.19;-16.577384664634682;
-20.0;15.083353392427602;31.258501053121602;-4.0;457.3333333333368;-0.19;-16.012749896376306;
-20.0;14.346685923397164;30.68285096256747;-4.0;457.20000000000346;-0.19;-15.472192462214494;
-20.0;13.639485153127945;30.099455098868344;-4.0;457.06666666667013;-0.19;-14.954678313804731;
-20.0;12.960572413669494;29.509597380354624;-4.0;456.9333333333368;-0.19;-14.459228132856254;
-20.0;12.30881618378938;28.91448645849888;-4.0;456.8000000000035;-0.19;-13.984900015454786;
-20.0;11.683130203104472;28.315259023815273;-4.0;456.66666666667015;-0.19;-13.53079398031407;
-20.0;11.08247166164696;27.71298299172146;-4.0;456.5333333333368;-0.19;-13.096047695200104;
-20.0;10.505839461847748;27.108660571957707;-4.0;456.4000000000035;-0.19;-12.679835884682545;
-20.0;9.952272550040504;26.503231225078128;-4.0;456.2666666666702;-0.19;-12.28136833770344;
-20.0;9.420848314705552;25.897574509450134;-4.0;456.13333333333685;-0.19;-11.899888580763086;
-20.0;8.910681048783996;25.29251282211946;-4.0;456.0000000000035;-0.19;-11.534672371124039;
-20.0;8.420920473499303;24.68881403682045;-4.0;455.8666666666702;-0.19;-11.185026350615825;
-20.0;7.950750321225997;24.087194042334104;-4.0;455.7333333333369;-0.19;-10.850286717577077;
-20.0;7.499386975043624;23.488319184319977;-4.0;455.60000000000355;-0.19;-10.529817971407564;
-20.0;7.066078162708545;22.892808613672567;-4.0;455.4666666666702;-0.19;-10.22301170412922;
-20.0;6.65010170286687;22.301236544378114;-4.0;455.3333333333369;-0.19;-9.929285446120021;
-20.0;6.250764301418862;21.71413442377395;-4.0;455.20000000000357;-0.19;-9.648081559976408;
-20.0;5.867400396028774;21.13199301803978;-4.0;455.06666666667024;-0.19;-9.378866181973834;
-20.0;5.499371046854289;20.555264415678412;-4.0;454.9333333333369;-0.19;-9.121128208476406;
-20.0;5.146062871646785;19.984363951672638;-4.0;454.8000000000036;-0.19;-8.874378325631818;
-20.0;4.80688702344758;19.419672054935234;-4.0;454.66666666667027;-0.19;-8.638148080403298;
-20.0;4.4812782091763435;18.861536021600315;-4.0;454.53333333333694;-0.19;-8.411988991218223;
-20.0;4.168693747475956;18.3102717166367;-4.0;454.4000000000036;-0.19;-8.19547169652731;
-20.0;3.8686126642435843;17.766165206197414;-4.0;454.2666666666703;-0.19;-7.988185139665126;
-20.0;3.5805348243405075;17.22947432305412;-4.0;454.13333333333696;-0.19;-7.78973578846147;
-20.0;3.303980098033554;16.700430167401006;-4.0;454.00000000000364;-0.19;-7.599746888123208;
-20.0;3.0384875607788784;16.179238545249582;-4.0;453.8666666666703;-0.19;-7.417857745967737;
-20.0;2.78361472501439;15.666081346573941;-4.0;453.733333333337;-0.19;-7.243723046650307;
-20.0;2.538936802680481;15.161117865305233;-4.0;453.60000000000366;-0.19;-7.077012196585086;
-20.0;2.3040459972399283;14.66448606321456;-4.0;453.46666666667033;-0.19;-6.917408696315417;
-20.0;2.0785508240169976;14.176303779665082;-4.0;453.333333333337;-0.19;-6.764609539641663;
-20.0;1.8620754577229843;13.696669889156839;-4.0;453.2000000000037;-0.19;-6.6183246383659275;
-20.0;1.6542591060807315;13.225665408531814;-4.0;453.06666666667036;-0.19;-6.4782762715615085;
-20.0;1.454755408504169;12.763354555651803;-4.0;452.93333333333703;-0.19;-6.3441985583215414;
-20.0;1.2632318588306688;12.309785761307973;-4.0;452.8000000000037;-0.19;-6.215836952985837;
-20.0;1.0793692511441086;11.864992636068418;-4.0;452.6666666666704;-0.19;-6.092947761887611;
-20.0;0.9028611477650109;11.428994893718645;-4.0;452.53333333333705;-0.19;-5.975297680702662;
-20.0;0.7334133685210771;11.001799232899655;-4.0;452.40000000000373;-0.19;-5.862663351522633;
-20.0;0.5707435004469007;10.583400178499195;-4.0;452.2666666666704;-0.19;-5.7548309388114856;
-20.0;0.4145804270956913;10.173780884303788;-4.0;452.1333333333371;-0.19;-5.651595723440144;
-20.0;0.2646638766785303;9.772913898372298;-4.0;452.00000000000375;-0.19;-5.552761714028558;
-20.0;0.12074398827805574;9.380761892546058;-4.0;451.8666666666704;-0.19;-5.458141274857363;
-20.0;-0.017419104586399836;8.99727835746596;-4.0;451.7333333333371;-0.19;-5.3675547696426875;
-20.0;-0.1500556737362772;8.622408264423363;-4.0;451.6000000000038;-0.19;-5.28083022049785;
-20.0;-0.2773867801201595;8.256088695329206;-4.0;451.46666666667045;-0.19;-5.1978029814344655;
-20.0;-0.39962464224868643;7.8982494420443174;-4.0;451.3333333333371;-0.19;-5.118315425783118;
-20.0;-0.5169729898920723;7.548813576273538;-4.0;451.2000000000038;-0.19;-5.042216646940156;
-20.0;-0.6296274036297228;7.207697991186974;-4.0;451.06666666667047;-0.19;-4.969362171872501;
-20.0;-0.7377756408178673;6.874813915893371;-4.0;450.93333333333715;-0.19;-4.899613686836537;
-20.0;-0.8415979485184859;6.5500674038533155;-4.0;450.8000000000038;-0.19;-4.83283877479037;
-20.0;-0.9412673639110798;6.233359796283628;-4.0;450.6666666666705;-0.19;-4.768910664000953;
-20.0;-1.0369500026879699;5.9245881615690035;-4.0;450.53333333333717;-0.19;-4.707707987368769;
-20.0;-1.1288053359137844;5.623645711662531;-4.0;450.40000000000384;-0.19;-4.649114552013195;
-20.0;-1.2169864558105663;5.330422196423288;-4.0;450.2666666666705;-0.19;-4.593019118681077;
-20.0;-1.301640330911477;5.044804276806666;-4.0;450.1333333333372;-0.19;-4.539315190559738;
-20.0;-1.3829080510083513;4.766675877791476;-4.0;450.00000000000387;-0.19;-4.487900811093477;
-20.0;-1.4609250623013506;4.495918521897113;-4.0;449.86666666667054;-0.19;-4.4386783704197095;
-20.0;-1.5358213931426299;4.232411644114207;-4.0;449.7333333333372;-0.19;-4.391554420057297;
-20.0;-1.607721870750258;3.9760328890431884;-4.0;449.6000000000039;-0.19;-4.3464394954952;
-20.0;-1.6767463292535811;3.726658391006974;-4.0;449.46666666667056;-0.19;-4.303247946344705;
-20.0;-1.7430098094167712;3.4841630378766717;-4.0;449.33333333333724;-0.19;-4.261897773732716;
-20.0;-1.8066227503734338;3.2484207193226027;-4.0;449.2000000000039;-0.19;-4.222310474627429;
-20.0;-1.8676911736918298;3.0193045601771913;-4.0;449.0666666666706;-0.19;-4.1844108928008446;
-20.0;-1.92631686007749;2.796687139571266;-4.0;448.93333333333726;-0.19;-4.148127076145163;
-20.0;-1.9825975190077239;2.5804406964810553;-4.0;448.80000000000393;-0.19;-4.113390140072169;
-20.0;-2.0366269515807485;2.3704373222996526;-4.0;448.6666666666706;-0.19;-4.080134136736306;
-20.0;-2.088495206850852;2.166549141023924;-4.0;448.5333333333373;-0.19;-4.048295929833115;
-20.0;-2.1382887319101513;1.9686484776257334;-4.0;448.40000000000396;-0.19;-4.017815074735371;
-20.0;-2.1860905159670785;1.7766080151549457;-4.0;448.26666666667063;-0.19;-3.98863370373937;
-20.0;-2.2319802286617287;1.590300941100932;-4.0;448.1333333333373;-0.19;-3.9606964162034473;
-20.0;-2.276034352848593;1.4096010835192012;-4.0;448.000000000004;-0.19;-3.933950173370251;
-20.0;-2.318326312067983;1.2343830374103404;-4.0;447.86666666667065;-0.19;-3.908344197672983;
-20.0;-2.3589265929185967;1.0645222818196;-4.0;447.7333333333373;-0.19;-3.8838298763345382;
-20.0;-2.397902862535186;0.899895288107251;-4.0;447.600000000004;-0.19;-3.860360669076459;
-20.0;-2.435320081367112;0.7403796198221878;-4.0;447.4666666666707;-0.19;-3.837892019762522;
-20.0;-2.471240611445761;0.5858540245942081;-4.0;447.33333333333735;-0.19;-3.8163812718092074;
-20.0;-2.505724320321264;0.43619851844388635;-4.0;447.200000000004;-0.19;-3.7957875872024474;
-20.0;-2.5388286808417466;0.291294462893016;-4.0;447.0666666666707;-0.19;-3.7760718689669366;
-20.0;-2.57060886694141;0.15102463524316745;-4.0;446.9333333333374;-0.19;-3.757196686940769;
-20.0;-2.6011178455970874;0.015273292375006992;-4.0;446.80000000000405;-0.19;-3.7391262067145283;
-20.0;-2.630406465106537;-0.11607377159337809;-4.0;446.6666666666707;-0.19;-3.721826121599891;
-20.0;-2.658523539835609;-0.2431291734648153;-4.0;446.5333333333374;-0.19;-3.7052635874986066;
-20.0;-2.6855159315755177;-0.3660038946271433;-4.0;446.40000000000407;-0.19;-3.6894071605481904;
-20.0;-2.71142862764583;-0.48480723992514074;-4.0;446.26666666667074;-0.19;-3.674226737425962;
-20.0;-2.7363048158733303;-0.5996468014548799;-4.0;446.1333333333374;-0.19;-3.659693498198073;
-20.0;-2.7601859565717306;-0.7106284270071808;-4.0;446.0000000000041;-0.19;-3.645779851605065;
-20.0;-2.783111851642195;-0.8178561928984995;-4.0;445.86666666667077;-0.19;-3.632459382680035;
-20.0;-2.8051207109098404;-0.921432380938832;-4.0;445.73333333333744;-0.19;-3.6197068025999934;
-20.0;-2.8262492158067802;-1.0214574592970553;-4.0;445.6000000000041;-0.19;-3.607497900675211;
-20.0;-2.8465325805078425;-1.1180300670345897;-4.0;445.4666666666708;-0.19;-3.5958094983853637;
-20.0;-2.866004610620862;-1.2112470020883368;-4.0;445.33333333333746;-0.19;-3.584619405375282;
-20.0;-2.884697759529361;-1.3012032124935657;-4.0;445.20000000000414;-0.19;-3.573906377326697;
-20.0;-2.9026431824815195;-1.387991790646773;-4.0;445.0666666666708;-0.19;-3.5636500756260427;
-20.0;-2.919870788515592;-1.4717039704175525;-4.0;444.9333333333375;-0.19;-3.5538310287517354;
-20.0;-2.9364092903083017;-1.5524291269271955;-4.0;444.80000000000416;-0.19;-3.544430595307612;
-20.0;-2.952286252029303;-1.6302547788200834;-4.0;444.66666666667084;-0.19;-3.535430928632362;
-20.0;-2.9675281352814644;-1.705266592861987;-4.0;444.5333333333375;-0.19;-3.5268149429177686;
-20.0;-2.9821603432035393;-1.7775483907071146;-4.0;444.4000000000042;-0.19;-3.5185662807713944;
-20.0;-2.9962072628087313;-1.8471821576831955;-4.0;444.26666666667086;-0.19;-3.510669282162196;
-20.0;-3.0096923056297156;-1.9142480534510393;-4.0;444.13333333333753;-0.19;-3.503108954690051;
-20.0;-3.02263794673786;-1.9788244244018938;-4.0;444.0000000000042;-0.19;-3.495870945122785;
-20.0;-3.035065762201679;-2.0409878176625345;-4.0;443.8666666666709;-0.19;-3.4889415121466514;
-20.0;-3.046996465046945;-2.100812996584374;-4.0;443.73333333333755;-0.19;-3.4823075002785444;
-20.0;-3.0584499397784004;-2.1583729575989854;-4.0;443.60000000000423;-0.19;-3.4759563148903942;
-20.0;-3.069445275520598;-2.213738948328288;-4.0;443.4666666666709;-0.19;-3.4698758982983495;
-20.0;-3.080000797833107;-2.2669804868432832;-4.0;443.3333333333376;-0.19;-3.4640547068713463;
-20.0;-3.0901340992531163;-2.3181653819706187;-4.0;443.20000000000425;-0.19;-3.4584816891155965;
-20.0;-3.099862068616325;-2.367359754551452;-4.0;443.0666666666709;-0.19;-3.4531462646934026;
-20.0;-3.1092009192050054;-2.4146280595620464;-4.0;442.9333333333376;-0.19;-3.448038304336454;
-20.0;-3.1181662157701386;-2.4600331090103102;-4.0;442.8000000000043;-0.19;-3.443148110615477;
-20.0;-3.1267729004726665;-2.503636095527052;-4.0;442.66666666667095;-0.19;-3.438466399529729;
-20.0;-3.1350353177870933;-2.545496616575108;-4.0;442.5333333333376;-0.19;-3.4339842828813865;
-20.0;-3.142967238408943;-2.585672699203702;-4.0;442.4000000000043;-0.19;-3.4296932514013574;
-20.0;-3.1505818822059184;-2.6242208252794006;-4.0;442.266666666671;-0.19;-3.4255851585944876;
-20.0;-3.157891940251015;-2.6611959571288923;-4.0;442.13333333333765;-0.19;-3.4216522052734977;
-20.0;-3.164909595974308;-2.6966515635324897;-4.0;442.0000000000043;-0.19;-3.417886924752274;
-20.0;-3.171646545468669;-2.7306396460107867;-4.0;441.866666666671;-0.19;-3.414282168670414;
-20.0;-3.1781140169832556;-2.763210765350265;-4.0;441.73333333333767;-0.19;-3.410831093422115;
-20.0;-3.1843227896372586;-2.7944140683168746;-4.0;441.60000000000434;-0.19;-3.4075271471636253;
-20.0;-3.1902832113851014;-2.8242973145096877;-4.0;441.466666666671;-0.19;-3.4043640573746172;
-20.0;-3.1960052162630306;-2.852906903309669;-4.0;441.3333333333377;-0.19;-3.4013358189498537;
-20.0;-3.2014983409458426;-2.8802879008814157;-4.0;441.20000000000437;-0.19;-3.398436682798521;
-20.0;-3.2067717406413423;-2.906484067188411;-4.0;441.06666666667104;-0.19;-3.3956611449296292;
-20.0;-3.211834204349022;-2.931537882984876;-4.0;440.9333333333377;-0.19;-3.393003936002719;
-20.0;-3.2166941695083944;-2.95549057674977;-4.0;440.8000000000044;-0.19;-3.39046001132405;
-20.0;-3.221359736061392;-2.978382151530802;-4.0;440.66666666667106;-0.19;-3.3880245412692886;
-20.0;-3.2258386799522696;-3.0002514116685437;-4.0;440.53333333333774;-0.19;-3.3856929021144886;
-20.0;-3.2301384660875123;-3.0211359893728393;-4.0;440.4000000000044;-0.19;-3.3834606672579914;
-20.0;-3.2342662607773454;-3.041072371125735;-4.0;440.2666666666711;-0.19;-3.3813235988165453;
-20.0;-3.238228943679585;-3.0600959238870513;-4.0;440.13333333333776;-0.19;-3.3792776395797164;
-20.0;-3.242033119265735;-3.078240921080557;-4.0;440.00000000000443;-0.19;-3.377318905307298;
-20.0;-3.245685127828439;-3.095540568340424;-4.0;439.8666666666711;-0.19;-3.3754436773551024;
-20.0;-3.249191056048635;-3.1120270289993033;-4.0;439.7333333333378;-0.19;-3.3736483956151537;
-20.0;-3.252556747140023;-3.1277314493009145;-4.0;439.60000000000446;-0.19;-3.3719296517568242;
-20.0;-3.2557878105877553;-3.1426839833215303;-4.0;439.46666666667113;-0.19;-3.3702841827561634;
-20.0;-3.2588896314975786;-3.1569138175861484;-4.0;439.3333333333378;-0.19;-3.3687088647010515;
-20.0;-3.261867379571009;-3.170449195366474;-4.0;439.2000000000045;-0.19;-3.3672007068604812;
-20.0;-3.264726017721502;-3.183317440649108;-4.0;439.06666666667115;-0.19;-3.3657568460066756;
-20.0;-3.2674703103459755;-3.195544981763522;-4.0;438.9333333333378;-0.19;-3.3643745409792585;
-20.0;-3.2701048312654697;-3.207157374660554;-4.0;438.8000000000045;-0.19;-3.3630511674811956;
-20.0;-3.272633971348184;-3.2181793258332103;-4.0;438.6666666666712;-0.19;-3.3617842130965685;
-20.0;-3.27506194582759;-3.2286347148725865;-4.0;438.53333333333785;-0.19;-3.3605712725207786;
-20.0;-3.27739280132782;-3.238546616652671;-4.0;438.4000000000045;-0.19;-3.35941004299409;
-20.0;-3.2796304226080406;-3.247937323138698;-4.0;438.2666666666712;-0.19;-3.3582983199298537;
-20.0;-3.2817785390370524;-3.2568283648145635;-4.0;438.1333333333379;-0.19;-3.357233992729114;
-20.0;-3.2838407308089037;-3.265240531725631;-4.0;438.00000000000455;-0.19;-3.3562150407736557;
-20.0;-3.2858204349098807;-3.273193894133986;-4.0;437.8666666666712;-0.19;-3.355239529589866;
-20.0;-3.287720950846819;-3.2807078227839273;-4.0;437.7333333333379;-0.19;-3.3543056071761512;
-20.0;-3.2895454461462794;-3.2878010087761385;-4.0;437.60000000000457;-0.19;-3.353411500486931;
-20.0;-3.2912969616337615;-3.2944914830496015;-4.0;437.46666666667124;-0.19;-3.3525555120665107;
-20.0;-3.2929784165017444;-3.3007966354709097;-4.0;437.3333333333379;-0.19;-3.351736016826485;
-20.0;-3.294592613175008;-3.3067332335311757;-4.0;437.2000000000046;-0.19;-3.350951458960505;
-20.0;-3.296142241981341;-3.3123174406512406;-4.0;437.06666666667127;-0.19;-3.350200348990607;
-20.0;-3.2976298856354207;-3.3175648340963706;-4.0;436.93333333333794;-0.19;-3.349481260939431;
-20.0;-3.299058023543337;-3.322490422502068;-4.0;436.8000000000046;-0.19;-3.3487928296230236;
-20.0;-3.300429035934937;-3.327108663013035;-4.0;436.6666666666713;-0.19;-3.3481337480590416;
-20.0;-3.301745207830873;-3.3314334780377126;-4.0;436.53333333333796;-0.19;-3.347502764985452;
-20.0;-3.303008732850971;-3.335478271621172;-4.0;436.40000000000464;-0.19;-3.346898682485024;
-20.0;-3.304221716870266;-3.3392559454394615;-4.0;436.2666666666713;-0.19;-3.3463203537110906;
-20.0;-3.3053861815287884;-3.342778914418815;-4.0;436.133333333338;-0.19;-3.3457666807102595;
-20.0;-3.30650406760097;-3.3460591219834033;-4.0;436.00000000000466;-0.19;-3.3452366123379673;
-20.0;-3.3075772382302646;-3.3491080549355714;-4.0;435.86666666667134;-0.19;-3.3447291422628838;
-20.0;-3.3086074820343874;-3.3519367579727284;-4.0;435.733333333338;-0.19;-3.3442433070563924;
-20.0;-3.309596516086345;-3.354555847845272;-4.0;435.6000000000047;-0.19;-3.3437781843635412;
-20.0;-3.3105459887762247;-3.356975527160127;-4.0;435.46666666667136;-0.19;-3.343332891151941;
-20.0;-3.311457482558509;-3.359205597834642;-4.0;435.33333333333803;-0.19;-3.342906582035348;
-20.0;-3.312332516589502;-3.3612554742057537;-4.0;435.2000000000047;-0.19;-3.342498447668699;
-20.0;-3.313172549259255;-3.3631341957994563;-4.0;435.0666666666714;-0.19;-3.3421077132115697;
-20.0;-3.313978980622218;-3.364850439765749;-4.0;434.93333333333806;-0.19;-3.3417336368571564;
-20.0;-3.314753154730663;-3.3664125329843335;-4.0;434.80000000000473;-0.19;-3.3413755084239476;
-20.0;-3.3154963618747697;-3.367828463846436;-4.0;434.6666666666714;-0.19;-3.341032648007462;
-20.0;-3.316209840733112;-3.3691058937181975;-4.0;434.5333333333381;-0.19;-3.3407044046894434;
-20.0;-3.316894780437121;-3.3702521680911572;-4.0;434.40000000000475;-0.19;-3.3403901553021047;
-20.0;-3.3175523225529697;-3.3712743274254064;-4.0;434.2666666666714;-0.19;-3.3400893032450414;
-20.0;-3.318183562984184;-3.3721791176910285;-4.0;434.1333333333381;-0.19;-3.339801277352593;
-20.0;-3.31878955379815;-3.3729730006134866;-4.0;434.0000000000048;-0.19;-3.3395255308094924;
-20.0;-3.3193713049795575;-3.373662163628637;-4.0;433.86666666667145;-0.19;-3.339261540112732;
-20.0;-3.3199297861137085;-3.3742525295530705;-4.0;433.7333333333381;-0.19;-3.339008804077705;
-20.0;-3.3204659280024935;-3.3747497659754813;-4.0;433.6000000000048;-0.19;-3.3387668428867032;
-20.0;-3.320980624215727;-3.3751592943747717;-4.0;433.4666666666715;-0.19;-3.3385351971779915;
-20.0;-3.3214747325804312;-3.3754862989705865;-4.0;433.33333333333815;-0.19;-3.3383134271737096;
-20.0;-3.3219490766105473;-3.3757357353119586;-4.0;433.2000000000048;-0.19;-3.338101111844957;
-20.0;-3.322404446879459;-3.375912338609723;-4.0;433.0666666666715;-0.19;-3.337897848112473;
-20.0;-3.322841602337614;-3.3760206318183315;-4.0;432.93333333333817;-0.19;-3.3377032500813932;
-20.0;-3.3232612715774428;-3.376064933472664;-4.0;432.80000000000484;-0.19;-3.3375169483086307;
-20.0;-3.3236641540476786;-3.3760493652853945;-4.0;432.6666666666715;-0.19;-3.3373385891014893;
-20.0;-3.3240509212191047;-3.375977859510424;-4.0;432.5333333333382;-0.19;-3.3371678338461863;
-20.0;-3.324422217703674;-3.3758541660778487;-4.0;432.40000000000487;-0.19;-3.3370043583649824;
-20.0;-3.3247786623288604;-3.3756818595058755;-4.0;432.26666666667154;-0.19;-3.3368478523007536;
-20.0;-3.325120849169039;-3.375464345595041;-4.0;432.1333333333382;-0.19;-3.3366980185277577;
-20.0;-3.325449348535611;-3.3752048679100324;-4.0;432.0000000000049;-0.19;-3.33655457258756;
-20.0;-3.3257647079275197;-3.374906514054342;-4.0;431.86666666667156;-0.19;-3.3364172421489844;
-20.0;-3.3260674529437524;-3.3745722217429286;-4.0;431.73333333333824;-0.19;-3.3362857664910903;
-20.0;-3.3263580881593358;-3.3742047846779815;-4.0;431.6000000000049;-0.19;-3.3361598960082026;
-20.0;-3.326637097966296;-3.3738068582328182;-4.0;431.4666666666716;-0.19;-3.3360393917360374;
-20.0;-3.3269049473809775;-3.373380964948873;-4.0;431.33333333333826;-0.19;-3.335924024898019;
-20.0;-3.3271620828190716;-3.372929499850658;-4.0;431.20000000000493;-0.19;-3.335813576470965;
-20.0;-3.327408932839642;-3.3724547355835033;-4.0;431.0666666666716;-0.19;-3.335707836769258;
-20.0;-3.32764590885939;-3.3719588273788026;-4.0;430.9333333333383;-0.19;-3.3356066050467676;
-20.0;-3.3278734058383477;-3.371443817851415;-4.0;430.80000000000496;-0.19;-3.335509689115734;
-20.0;-3.328091802938147;-3.3709116416337923;-4.0;430.66666666667163;-0.19;-3.3354169049818925;
-20.0;-3.3283014641539546;-3.3703641298513207;-4.0;430.5333333333383;-0.19;-3.3353280764951783;
-20.0;-3.32850273892113;-3.36980301444328;-4.0;430.400000000005;-0.19;-3.335243035015286;
-20.0;-3.3286959626976182;-3.3692299323337513;-4.0;430.26666666667165;-0.19;-3.3351616190915263;
-20.0;-3.328881457523047;-3.368646429456711;-4.0;430.1333333333383;-0.19;-3.335083674156301;
-20.0;-3.3290595325554584;-3.368053964639473;-4.0;430.000000000005;-0.19;-3.3350090522316607;
-20.0;-3.3292304845865734;-3.367453913348553;-4.0;429.8666666666717;-0.19;-3.33493761164837;
-20.0;-3.3293945985364437;-3.366847571301953;-4.0;429.73333333333835;-0.19;-3.3348692167769514;
-20.0;-3.3295521479283194;-3.3662361579517723;-4.0;429.600000000005;-0.19;-3.334803737770188;
-20.0;-3.32970339534452;-3.365620819840979;-4.0;429.4666666666717;-0.19;-3.3347410503166146;
-20.0;-3.3298485928640726;-3.3650026338380807;-4.0;429.3333333333384;-0.19;-3.334681035404511;
-20.0;-3.329987982482843;-3.3643826102533656;-4.0;429.20000000000505;-0.19;-3.334623579095961;
-20.0;-3.330121796516863;-3.363761695840292;-4.0;429.0666666666717;-0.19;-3.3345685723105376;
-20.0;-3.3302502579895217;-3.3631407766855297;-4.0;428.9333333333384;-0.19;-3.334515910618221;
-20.0;-3.330373581003274;-3.3625206809910755;-4.0;428.80000000000507;-0.19;-3.3344654940411305;
-20.0;-3.3304919710964764;-3.361902181751782;-4.0;428.66666666667174;-0.19;-3.334417226863729;
-20.0;-3.330605625585951;-3.3612859993315642;-4.0;428.5333333333384;-0.19;-3.334371017451092;
-20.0;-3.3307147338958463;-3.36067280394147;-4.0;428.4000000000051;-0.19;-3.334326778074955;
-20.0;-3.3308194778733458;-3.3600632180227175;-4.0;428.26666666667177;-0.19;-3.3342844247471497;
-20.0;-3.330920032091745;-3.359457818537738;-4.0;428.13333333333844;-0.19;-3.3342438770601652;
-20.0;-3.3310165641414087;-3.358857139172171;-4.0;428.0000000000051;-0.19;-3.3342050580344798;
-20.0;-3.3311092349090856;-3.358261672450703;-4.0;427.8666666666718;-0.19;-3.3341678939724275;
-20.0;-3.3311981988460557;-3.3576718717695475;-4.0;427.73333333333846;-0.19;-3.334132314318283;
-20.0;-3.331283604225547;-3.3570881533483123;-4.0;427.60000000000514;-0.19;-3.3340982515243027;
-20.0;-3.3313655933898585;-3.3565108981039113;-4.0;427.4666666666718;-0.19;-3.3340656409224962;
-20.0;-3.3314443029875975;-3.3559404534491173;-4.0;427.3333333333385;-0.19;-3.3340344206018515;
-20.0;-3.331519864201427;-3.3553771350182817;-4.0;427.20000000000516;-0.19;-3.334004531290791;
-20.0;-3.3315924029667032;-3.354821228322681;-4.0;427.06666666667184;-0.19;-3.3339759162446576;
-20.0;-3.3316620401813686;-3.354272990337874;-4.0;426.9333333333385;-0.19;-3.3339485211379705;
-20.0;-3.331728891907447;-3.353732651025401;-4.0;426.8000000000052;-0.19;-3.3339222939613005;
-20.0;-3.3317930695644824;-3.3532004147910874;-4.0;426.66666666667186;-0.19;-3.333897184922523;
-20.0;-3.3318546801152364;-3.3526764618821385;-4.0;426.53333333333853;-0.19;-3.333873146352295;
-20.0;-3.3319138262439605;-3.352160949725176;-4.0;426.4000000000052;-0.19;-3.333850132613546;
-20.0;-3.3319706065275354;-3.351654014207279;-4.0;426.2666666666719;-0.19;-3.3338281000148458;
-20.0;-3.3320251155997673;-3.3511557709020527;-4.0;426.13333333333856;-0.19;-3.3338070067274486;
-20.0;-3.33207744430911;-3.3506663162426764;-4.0;426.00000000000523;-0.19;-3.3337868127058865;
-20.0;-3.3321276798700787;-3.3501857286438335;-4.0;425.8666666666719;-0.19;-3.333767479611941;
-20.0;-3.332175906008609;-3.3497140695743677;-4.0;425.7333333333386;-0.19;-3.3337489707418637;
-20.0;-3.332222203101598;-3.3492513845824523;-4.0;425.60000000000525;-0.19;-3.333731250956682;
-20.0;-3.3322666483108674;-3.3487977042750097;-4.0;425.4666666666719;-0.19;-3.333714286615503;
-20.0;-3.332309315711766;-3.3483530452530643;-4.0;425.3333333333386;-0.19;-3.333698045511632;
-20.0;-3.3323502764166286;-3.34791741100466;-4.0;425.2000000000053;-0.19;-3.333682496811444;
-20.0;-3.3323895986932968;-3.347490792756923;-4.0;425.06666666667195;-0.19;-3.3336676109958305;
-20.0;-3.332427348078898;-3.3470731702888066;-4.0;424.9333333333386;-0.19;-3.3336533598041695;
-20.0;-3.332463587489076;-3.346664512706;-4.0;424.8000000000053;-0.19;-3.3336397161806675;
-20.0;-3.332498377322846;-3.3462647791794398;-4.0;424.666666666672;-0.19;-3.3336266542229938;
-20.0;-3.3325317755632655;-3.34587391964882;-4.0;424.53333333333865;-0.19;-3.333614149133107;
-20.0;-3.3325638378740683;-3.3454918754924465;-4.0;424.4000000000053;-0.19;-3.3336021771701754;
-20.0;-3.332594617692439;-3.345118580164744;-4.0;424.266666666672;-0.19;-3.333590715605509;
-20.0;-3.3326241663180745;-3.3447539598026763;-4.0;424.13333333333867;-0.19;-3.333579742679398;
-20.0;-3.3326525329986847;-3.3443979338023047;-4.0;424.00000000000534;-0.19;-3.3335692375598183;
-20.0;-3.3326797650120707;-3.3440504153666653;-4.0;423.866666666672;-0.19;-3.333559180302865;
-20.0;-3.3327059077449213;-3.3437113120261097;-4.0;423.7333333333387;-0.19;-3.333549551814905;
-20.0;-3.332731004768458;-3.3433805261322136;-4.0;423.60000000000537;-0.19;-3.333540333816315;
-20.0;-3.332755097911053;-3.34305795532632;-4.0;423.46666666667204;-0.19;-3.3335315088067854;
-20.0;-3.3327782273279443;-3.3427434929837543;-4.0;423.3333333333387;-0.19;-3.3335230600320953;
-20.0;-3.3328004315681596;-3.3424370286347025;-4.0;423.2000000000054;-0.19;-3.3335149714522982;
-20.0;-3.3328217476387665;-3.34213844836272;-4.0;423.06666666667206;-0.19;-3.3335072277112814;
-20.0;-3.332842211066549;-3.3418476351818014;-4.0;422.93333333333874;-0.19;-3.333499814107602;
-20.0;-3.3328618559572205;-3.3415644693929045;-4.0;422.8000000000054;-0.19;-3.333492716566581;
-20.0;-3.3328807150522652;-3.341288828920803;-4.0;422.6666666666721;-0.19;-3.3334859216135833;
-20.0;-3.332898819783508;-3.3410205896320955;-4.0;422.53333333333876;-0.19;-3.333479416348438;
-20.0;-3.332916200325501;-3.3407596256351852;-4.0;422.40000000000543;-0.19;-3.333473188420938;
-20.0;-3.3329328856458145;-3.340505809563004;-4.0;422.2666666666721;-0.19;-3.3334672260074063;
-20.0;-3.3329489035533153;-3.3402590128392324;-4.0;422.1333333333388;-0.19;-3.333461517788239;
-20.0;-3.332964280744516;-3.3400191059287394;-4.0;422.00000000000546;-0.19;-3.33345605292642;
-20.0;-3.332979042848069;-3.339785958572938;-4.0;421.86666666667213;-0.19;-3.3334508210469456;
-20.0;-3.3329932144674794;-3.339559440010729;-4.0;421.7333333333388;-0.19;-3.3334458122171235;
-20.0;-3.3330068192221134;-3.3393394191856816;-4.0;421.6000000000055;-0.19;-3.333441016927726;
-20.0;-3.333019879786562;-3.3391257649400674;-4.0;421.46666666667215;-0.19;-3.333436426074928;
-20.0;-3.333032417928433;-3.338918346196358;-4.0;421.3333333333388;-0.19;-3.3334320309430234;
-20.0;-3.333044454544629;-3.338717032126753;-4.0;421.2000000000055;-0.19;-3.3334278231878853;
-20.0;-3.333056009696177;-3.338521692311305;-4.0;421.0666666666722;-0.19;-3.3334237948211154;
-20.0;-3.3330671026416634;-3.338332196885162;-4.0;420.93333333333885;-0.19;-3.333419938194889;
-20.0;-3.33307775186933;-3.3381484166754576;-4.0;420.8000000000055;-0.19;-3.333416245987424;
-20.0;-3.3330879751278903;-3.3379702233283313;-4.0;420.6666666666722;-0.19;-3.3334127111890903;
-20.0;-3.333097789456108;-3.337797489426557;-4.0;420.5333333333389;-0.19;-3.3334093270890945;
-20.0;-3.333107211211197;-3.3376300885982415;-4.0;420.40000000000555;-0.19;-3.333406087262748;
-20.0;-3.3331162560960825;-3.3374678956170225;-4.0;420.2666666666722;-0.19;-3.3334029855592577;
600.0;-3.3331249391855726;-3.337310786494198;-4.0;420.1333333333389;-0.19;-3.333400016090064;
600.0;-3.333133274951483;-3.3371586385631837;-4.0;420.00000000000557;-0.19;-3.3333971732176453;
600.0;0.8001920560465763;-3.337011330556689;120.0;424.00000000000557;129.70000000000002;244.6666055484552;
600.0;4.768184373804713;-3.19909096489921;120.0;428.00000000000557;5.7;139.26660815409548;
600.0;8.577456998852524;-2.932582608511487;120.0;432.00000000000557;5.7;178.01661064865004;
600.0;12.234358718898424;-2.546242687929747;120.0;436.00000000000557;5.7;158.22311303685478;
600.0;15.744984370142486;-2.0484153185754406;120.0;440.00000000000557;5.7;162.44919032324364;
600.0;19.115184995336786;-1.4470481169275151;120.0;444.00000000000557;5.7;157.05406876215736;
600.0;22.350577595523315;-0.7497075082980175;120.0;448.00000000000557;5.7;155.73492204525155;
600.0;25.456554491702384;0.03640645724541702;120.0;452.00000000000557;5.7;152.90529394212973;
600.0;28.43829231203429;0.9044457684303532;120.0;456.00000000000557;5.7;150.83453126581946;
600.0;31.300760619552918;1.8479005835932998;120.0;460.00000000000557;5.7;148.59205683363132;
600.0;34.048730194770805;2.8605858167208096;120.0;464.00000000000557;5.7;146.5510984521668;
600.0;36.686780986979976;3.936628166861694;120.0;468.00000000000557;5.7;144.55400631380797;
600.0;39.21930974750077;5.070453579237558;120.0;472.00000000000557;5.7;142.6596318689394;
600.0;41.65053735760074;6.256775126565882;120.0;476.00000000000557;5.7;140.83885999030178;
600.0;43.98451586329671;7.490581299300002;120.0;480.00000000000557;5.7;139.09862942355238;
600.0;46.22513522876484;8.767124693683092;120.0;484.00000000000557;5.7;137.4314015791715;
600.0;48.37612981961425;10.081911086708242;120.0;488.00000000000557;5.7;135.83573634372974;
600.0;50.44108462682968;11.430688887273472;120.0;492.00000000000557;5.7;134.30790160492822;
600.0;52.42344124175649;12.809438953018743;120.0;496.00000000000557;5.7;132.84528305676514;
600.0;54.32650359208623;14.214364762531297;120.0;500.00000000000557;5.7;131.44498730714284;
600.0;56.15344344840278;15.641882932805656;120.0;504.00000000000557;5.7;130.10440341106698;
600.0;57.90730571046667;17.088614072045015;120.0;508.00000000000557;5.7;128.82096692587254;
600.0;59.591013482048005;18.551373958091343;120.0;512.0000000000056;5.7;127.592249139546;
600.0;61.207372942766085;20.027165032971855;120.0;516.0000000000056;5.7;126.41591412784061;
600.0;62.759078025055445;21.513168204249546;120.0;520.0000000000056;5.7;125.28972993473526;
600.0;64.24871490405323;23.00673494406476;120.0;524.0000000000056;5.7;124.21155797396224;
600.0;65.6787663078911;24.505379676953297;120.0;528.0000000000056;5.7;123.17935156022597;
600.0;67.05161565557545;26.006772447723844;120.0;532.0000000000056;5.7;122.19115096796955;
600.0;68.36955102935242;27.50873186087375;120.0;536.0000000000056;5.7;121.24508014087141;
600.0;69.63476898817832;29.009218283216697;120.0;540.0000000000056;5.7;120.33934295498737;
600.0;70.84937822865119;30.50632730158895;120.0;544.0000000000056;5.7;119.4722198801829;
600.0;72.01540309950514;31.998283427692098;120.0;548.0000000000056;5.7;118.64206468654567;
600.0;73.13478697552493;33.48343404231958;120.0;552.0000000000056;5.7;117.84730133087146;
600.0;74.20939549650393;34.96024357140164;120.0;556.0000000000056;5.7;117.08642095973212;
600.0;75.24101967664377;36.42728788648847;120.0;560.0000000000056;5.7;116.35797904689255;
600.0;76.23137888957802;37.883248922474316;120.0;564.0000000000056;5.7;115.66059265008644;
600.0;77.1821237339949;39.326909505545785;120.0;568.0000000000056;5.7;114.99293778583564;
600.0;78.0948387846351;40.75714838451586;120.0;572.0000000000056;5.7;114.3537469157433;
600.0;78.9710452332497;42.17293545888053;120.0;576.0000000000056;5.7;113.74180654013472;
600.0;79.81220342391971;43.573327197108206;120.0;580.0000000000056;5.7;113.15595489421399;
600.0;80.61971528696293;44.95746223884219;120.0;584.0000000000056;5.7;112.59507974247022;
600.0;81.39492667548441;46.32455717486443;120.0;588.0000000000056;5.7;112.0581162671021;
600.0;82.13912960846504;47.6739024988334;120.0;592.0000000000056;5.7;111.54404504646952;
600.0;82.85356442412643;49.004858724971285;120.0;596.0000000000056;5.7;111.05189011972806;
600.0;83.53942184716138;50.31685266603487;120.0;600.0000000000056;5.7;110.58071713397354;
600.0;84.19784497327493;51.60937386606092;120.0;604.0000000000056;5.7;110.12963157037942;
600.0;84.82993117434393;52.88197118253052;120.0;608.0000000000056;5.7;109.69777704595835;
600.0;85.43673392737017;54.1342495127474;120.0;612.0000000000056;5.7;109.28433368772507;
600.0;86.01926457027537;55.36586665937311;120.0;616.0000000000056;5.7;108.88851657617253;
600.0;86.57849398746436;56.57653033020678;120.0;620.0000000000056;5.7;108.50957425510767;
600.0;87.11535422796578;57.76599526743904;120.0;624.0000000000056;5.7;108.1467873050165;
600.0;87.63074005884715;58.934060501748874;120.0;628.0000000000056;5.7;107.79946697725107;
600.0;88.12551045649327;60.08056672674813;120.0;632.0000000000056;5.7;107.46695388644451;
600.0;88.60049003823354;61.20539378941177;120.0;636.0000000000056;5.7;107.14861675867242;
600.0;89.0564704367042;62.30845829226217;120.0;640.0000000000056;5.7;106.84385123298318;
600.0;89.49421161923604;63.389711303203335;120.0;644.0000000000056;5.7;106.552078714023;
600.0;89.9144431544666;64.4491361690254;120.0;648.0000000000056;5.7;106.27274527357609;
600.0;90.31786542828793;65.48674642872172;120.0;652.0000000000056;5.7;106.00532059893581;
600.0;90.70515081115641;66.50258382287959;120.0;656.0000000000056;5.7;105.74929698610939;
600.0;91.07694477871016;67.49671639552197;120.0;660.0000000000056;5.7;105.50418837594513;
600.0;91.43386698756176;68.46923668489102;120.0;664.0000000000056;5.7;105.26952943135247;
600.0;91.77651230805928;69.42025999977477;120.0;668.0000000000056;5.7;105.04487465386246;
600.0;92.10545181573691;70.34992277808642;120.0;672.0000000000056;5.7;104.82979753785182;
600.0;92.42123374310744;71.25838102451092;120.0;676.0000000000056;5.7;104.62388976082485;
600.0;92.72438439338313;72.14580882413635;120.0;680.0000000000056;5.7;104.4267604082159;
600.0;93.01540901764781;73.0123969290874;120.0;684.0000000000056;5.7;104.23803523124042;
600.0;93.2947926569419;73.85835141527619;120.0;688.0000000000056;5.7;104.05735593638644;
600.0;93.56300095066422;74.68389240648028;120.0;692.0000000000056;5.7;103.8843795051963;
600.0;93.82048091263765;75.4892528630504;120.0;696.0000000000056;5.7;103.71877754304867;
600.0;94.06766167613215;76.27467743264053;120.0;700.0000000000056;5.7;103.56023565570335;
600.0;94.30495520908686;77.04042136044059;120.0;704.0000000000056;5.7;103.40845285242581;
600.0;94.53275700072338;77.78674945647712;120.0;708.0000000000056;5.7;103.2631409745585;
600.0;94.75144672069445;78.51393511763064;120.0;712.0000000000056;5.7;103.12402414845324;
600.0;94.96138885186667;79.22225940209862;120.0;716.0000000000056;5.7;102.99083826172709;
600.0;95.16293329779201;79.91201015411188;120.0;720.0000000000056;5.7;102.86333046184667;
600.0;95.35641596588033;80.58348117678814;120.0;724.0000000000056;5.7;102.74125867608923;
600.0;95.54215932724512;81.23697145108049;120.0;728.0000000000056;5.7;102.62439115196929;
600.0;95.72047295415531;81.87278439885097;120.0;732.0000000000056;5.7;102.5125060172579;
600.0;95.8916540359891;82.49122718816864;120.0;736.0000000000056;5.7;102.40539085875987;
600.0;96.05598787454954;83.092610079;120.0;740.0000000000056;5.7;102.30284231904852;
600.0;96.21374835956756;83.67724580752504;120.0;744.0000000000056;5.7;102.20466571039303;
600.0;96.36519842518486;84.24544900737641;120.0;748.0000000000056;5.7;102.11067464514508;
600.0;96.51059048817746;84.797535666161;120.0;752.0000000000056;5.7;102.02069068188308;
600.0;96.65016686865036;85.33382261568345;120.0;756.0000000000056;5.7;101.93454298664227;
600.0;96.78416019390434;85.8546270543495;120.0;760.0000000000056;5.7;101.85206800858766;
600.0;96.91279378614817;86.3602661002836;120.0;764.0000000000056;5.7;101.7731091695137;
600.0;97.03628203470224;86.85105637374961;120.0;768.0000000000056;5.7;101.69751656658171;
600.0;97.15483075331414;87.32731360751751;120.0;772.0000000000056;5.7;101.62514668773028;
600.0;97.26863752318158;87.78935228386922;120.0;776.0000000000056;5.7;101.55586213921852;
600.0;97.37789202225431;88.23748529698746;120.0;780.0000000000056;5.7;101.48953138478501;
600.0;97.48277634136414;88.67202363951932;120.0;784.0000000000056;5.7;101.42602849592699;
600.0;97.58346528770957;89.09327611215308;120.0;788.0000000000056;5.7;101.365232912826;
600.0;97.68012667620118;89.50154905509189;120.0;792.0000000000056;5.7;101.3070292154658;
600.0;97.77292160915313;89.8971461003519;120.0;796.0000000000056;5.7;101.25130690450834;
600.0;97.862004744787;90.28036794385447;120.0;800.0000000000056;5.7;101.19796019151126;
600.0;97.94752455499552;90.65151213632306;120.0;804.0000000000056;5.7;101.14688779808944;
600.0;98.0296235727957;91.01087289203528;120.0;808.0000000000056;5.7;101.09799276363857;
600.0;98.10843862988388;91.35874091451825;120.0;812.0000000000056;5.7;101.05118226125612;
600.0;98.18410108468852;91.69540323831298;120.0;816.0000000000056;5.7;101.00636742150989;
600.0;98.25673704130098;92.02114308596869;120.0;820.0000000000056;5.7;100.96346316372035;
600.0;98.32646755964895;92.33623973946294;120.0;824.0000000000056;5.7;100.92238803443503;
600.0;98.39340885726298;92.64096842527628;120.0;828.0000000000056;5.7;100.8830640527902;
600.0;98.45767250297246;92.93560021238278;120.0;832.0000000000056;5.7;100.8454165624643;
600.0;98.51936560285355;93.22040192244847;120.0;836.0000000000056;5.7;100.80937408994353;
600.0;98.57859097873941;93.49563605155996;120.0;840.0000000000056;5.7;100.77486820883003;
600.0;98.63544733958983;93.76156070283407;120.0;844.0000000000056;5.7;100.74183340993449;
600.0;98.69002944600624;94.01842952928783;120.0;848.0000000000056;5.7;100.71020697690767;
600.0;98.74242826816598;94.26649168637422;120.0;852.0000000000056;5.7;100.67992886717367;
600.0;98.79273113743935;94.5059917936158;120.0;856.0000000000056;5.7;100.65094159793951;
600.0;98.84102189194178;94.7371699047928;120.0;860.0000000000056;5.7;100.62319013706447;
600.0;98.8873810162641;94.96026148616649;120.0;864.0000000000056;5.7;100.59662179858186;
600.0;98.93188577561354;95.17549740224221;120.0;868.0000000000056;5.7;100.57118614267517;
600.0;98.974610344589;95.383103908598;120.0;872.0000000000056;5.7;100.54683487991826;
600.0;99.01562593080544;95.58330265132709;120.0;876.0000000000056;5.7;100.52352177959835;
600.0;99.05500089357322;95.77631067266276;120.0;880.0000000000056;5.7;100.50120258194723;
600.0;99.0928008578303;95.96234042237428;120.0;884.0000000000056;5.7;100.47983491411433;
600.0;99.12908882351708;96.14159977454149;120.0;888.0000000000056;5.7;100.4593782097223;
600.0;99.1639252705764;96.31429204933438;120.0;892.0000000000056;5.7;100.43979363185184;
600.0;99.19736825975335;96.4806160394417;120.0;896.0000000000056;5.7;100.42104399931023;
600.0;99.22947352936322;96.64076604080941;120.0;900.0000000000056;5.7;100.40309371604285;
600.0;99.26029458818869;96.79493188736669;120.0;904.0000000000056;5.7;100.38590870355455;
600.0;99.28988280466113;96.9432989894324;120.0;908.0000000000056;5.7;100.36945633621171;
600.0;99.31828749247468;97.08604837551059;120.0;912.0000000000056;5.7;100.35370537930271;
600.0;99.3455559927757;97.22335673719765;120.0;916.0000000000056;5.7;100.33862592973907;
600.0;99.37173375306467;97.35539647693822;120.0;920.0000000000056;5.7;100.32418935928455;
600.0;99.39686440294209;97.48233575837983;120.0;924.0000000000056;5.7;100.31036826020473;
600.0;99.4209898268244;97.60433855908941;120.0;928.0000000000056;5.7;100.29713639323359;
600.0;99.44415023375142;97.72156472540718;120.0;932.0000000000056;5.7;100.28446863775831;
600.0;99.46638422440135;97.83417002922498;120.0;936.0000000000056;5.7;100.27234094412817;
600.0;99.4877288554253;97.94230622648772;120.0;940.0000000000056;5.7;100.26073028799622;
600.0;99.50821970120829;98.0461211172273;120.0;944.0000000000056;5.7;100.24961462660791;
600.0;99.52789091315996;98.14575860694893;120.0;948.0000000000056;5.7;100.23897285695288;
600.0;99.54677527663357;98.24135876919948;120.0;952.0000000000056;5.7;100.22878477570117;
600.0;99.56490426556823;98.33305790915739;120.0;956.0000000000056;5.7;100.21903104084727;
600.0;99.5823080949455;98.42098862809252;120.0;960.0000000000056;5.7;100.20969313498946;
600.0;99.59901577114768;98.50527988855309;120.0;964.0000000000056;5.7;100.20075333017462;
600.0;99.61505514030176;98.5860570801455;120.0;968.0000000000056;5.7;100.19219465424194;
600.0;99.63045293468969;98.66344208578033;120.0;972.0000000000056;5.7;100.1840008586012;
600.0;99.6452348173021;98.73755334826599;120.0;976.0000000000056;5.7;100.176156387385;
600.0;99.65942542461;98.80850593713824;120.0;980.0000000000056;5.7;100.16864634791621;
600.0;99.6730484076256;98.87641161562131;120.0;984.0000000000056;5.7;100.16145648243408;
600.0;99.68612647132058;98.94137890762266;120.0;988.0000000000056;5.7;100.15457314102606;
600.0;99.69868141246775;99.00351316466976;120.0;992.0000000000056;5.7;100.14798325571361;
600.0;99.71073415596904;99.06291663270355;120.0;996.0000000000056;5.7;100.14167431564266;
600.0;99.72230478973027;99.11968851864886;120.0;1000.0000000000056;5.7;100.13563434333177;
600.0;99.73341259814106;99.17392505668755;120.0;1004.0000000000056;5.7;100.1298518719331;
600.0;99.74407609421542;99.22571957416547;120.0;1008.0000000000056;5.7;100.1243159234626;
600.0;99.7543130504468;99.27516255706927;120.0;1012.0000000000056;5.7;100.11901598795833;
600.0;99.76414052842892;99.32234171501392;120.0;1016.0000000000056;5.7;100.11394200352751;
600.0;99.77357490729177;99.36734204568617;120.0;1020.0000000000056;5.7;100.10908433724386;
600.0;99.78263191100011;99.41024589869359;120.0;1024.0000000000055;5.7;100.10443376685987;
600.0;99.79132663456011;99.45113303877294;120.0;1028.0000000000055;5.7;100.09998146329804;
600.0;99.7996735691777;99.4900807083154;120.0;1032.0000000000055;5.7;100.09571897388928;
600.0;99.80768662641059;99.52716368917001;120.0;1036.0000000000055;5.7;100.09163820632533;
600.0;99.81537916135416;99.56245436368988;120.0;1040.0000000000055;5.7;100.08773141329574;
600.0;99.82276399489999;99.59602277498954;120.0;1044.0000000000055;5.7;100.08399117777955;
600.0;99.82985343510398;99.62793668638429;120.0;1048.0000000000055;5.7;100.08041039896408;
600.0;99.83665929769982;99.65826163998608;120.0;1052.0000000000055;5.7;100.07698227876428;
600.0;99.84319292579183;99.68706101443257;120.0;1056.0000000000055;5.7;100.07370030891634;
600.0;99.84946520876015;99.71439608172932;120.0;1060.0000000000055;5.7;100.07055825862206;
600.0;99.85548660040975;99.74032606318704;120.0;1064.0000000000055;5.7;100.06755016271951;
600.0;99.86126713639335;99.76490818443861;120.0;1068.0000000000055;5.7;100.06467031035834;
600.0;99.86681645093762;99.7881977295225;120.0;1072.0000000000055;5.7;100.06191323415769;
600.0;99.87214379290012;99.81024809402153;120.0;1076.0000000000055;5.7;100.05927369982646;
600.0;99.87725804118412;99.83111083724793;120.0;1080.0000000000055;5.7;100.05674669622607;
600.0;99.88216771953675;99.8508357334672;120.0;1084.0000000000055;5.7;100.05432742585666;
600.0;99.88688101075529;99.86947082215553;120.0;1088.0000000000055;5.7;100.05201129574934;
600.0;99.89140577032508;99.88706245728669;120.0;1092.0000000000055;5.7;100.04979390874621;
600.0;99.89574953951208;99.90365535564622;120.0;1096.0000000000055;5.7;100.04767105515268;
600.0;99.8999195579316;99.91929264417207;120.0;1100.0000000000055;5.7;100.04563870474497;
600.0;99.90392277561433;99.934015906322;120.0;1104.0000000000055;5.7;100.04369299911929;
600.0;99.90776586458976;99.9478652274697;120.0;1108.0000000000055;5.7;100.04183024436615;
600.0;99.91145523000617;99.96087923933247;120.0;1112.0000000000055;5.7;100.0400469040579;
600.0;99.91499702080593;99.97309516343442;120.0;1116.0000000000055;5.7;100.03833959253464;
600.0;99.91839713997369;99.98454885361046;120.0;1120.0000000000055;5.7;100.03670506847666;
600.0;99.92166125437474;99.99527483755686;120.0;1124.0000000000055;5.7;100.03514022875066;
600.0;99.92479480419975;100.00530635743536;120.0;1128.0000000000055;5.7;100.03364210251875;
600.0;99.92780301203176;100.01467540953854;120.0;1132.0000000000055;5.7;100.03220784559808;
600.0;99.93069089155048;100.02341278302492;120.0;1136.0000000000055;5.7;100.03083473506126;
600.0;99.93346325588847;100.03154809773284;120.0;1140.0000000000055;5.7;100.02952016406694;
600.0;99.93612472565293;100.03910984108286;120.0;1144.0000000000055;5.7;100.02826163691071;
600.0;99.93867973662681;100.04612540407923;120.0;1148.0000000000055;5.7;100.027056764287;
600.0;99.94113254716174;100.05262111642107;120.0;1152.0000000000055;5.7;100.02590325875302;
600.0;99.94348724527528;100.05862228073468;120.0;1156.0000000000055;5.7;100.02479893038608;
600.0;99.94574775546427;100.06415320593882;120.0;1160.0000000000055;5.7;100.02374168262604;
600.0;99.9479178452457;100.06923723975504;120.0;1164.0000000000055;5.7;100.02272950829487;
600.0;99.95000113143587;100.07389680037559;120.0;1168.0000000000055;5.7;100.02176048578634;
600.0;99.95200108617843;100.07815340730177;120.0;1172.0000000000055;5.7;100.0208327754175;
600.0;99.9539210427313;100.0820277113657;120.0;1176.0000000000055;5.7;100.01994461593631;
600.0;99.95576420102205;100.08553952394897;120.0;1180.0000000000055;5.7;100.01909432117779;
600.0;99.95753363298117;100.08870784541152;120.0;1184.0000000000055;5.7;100.01828027686292;
600.0;99.95923228766192;100.09155089274465;120.0;1188.0000000000055;5.7;100.01750093753397;
600.0;99.96086299615544;100.09408612646169;120.0;1192.0000000000055;5.7;100.01675482362022;
600.0;99.96242847630923;100.0963302767406;120.0;1196.0000000000055;5.7;100.01604051862937;
600.0;99.96393133725685;100.0982993688323;120.0;1200.0000000000055;5.7;100.01535666645803;
600.0;99.96537408376658;100.1000087477489;120.0;1204.0000000000055;5.7;100.01470196881738;
600.0;99.96675912041592;100.10147310224595;120.0;1208.0000000000055;5.7;100.0140751827682;
600.0;99.96808875559928;100.10270648811286;120.0;1212.0000000000055;5.7;100.01347511836128;
600.0;99.96936520537531;100.10372235078565;120.0;1216.0000000000055;5.7;100.0129006363783;
600.0;99.9705905971603;100.1045335472961;120.0;1220.0000000000055;5.7;100.01235064616897;
600.0;99.97176697327389;100.10515236757148;120.0;1224.0000000000055;5.7;100.01182410358047;
600.0;99.97289629434293;100.10559055509877;120.0;1228.0000000000055;5.7;100.01132000897516;
600.0;99.97398044256921;100.10585932696748;120.0;1232.0000000000055;5.7;100.01083740533271;
600.0;99.97502122486645;100.1059693933048;120.0;1236.0000000000055;5.7;100.0103753764333;
600.0;99.9760203758718;100.10593097611702;120.0;1240.0000000000055;5.7;100.00993304511807;
600.0;99.97697956083692;100.10575382755069;120.0;1244.0000000000055;5.7;100.00950957162392;
600.0;99.97790037840345;100.10544724758728;120.0;1248.0000000000055;5.7;100.00910415198922;
600.0;99.97878436326731;100.1050201011847;120.0;1252.0000000000055;5.7;100.0087160165274;
600.0;99.97963298873661;100.10448083487886;120.0;1256.0000000000055;5.7;100.00834442836587;
600.0;99.98044766918714;100.10383749285847;120.0;1260.0000000000055;5.7;100.0079886820469;
600.0;99.98122976241966;100.10309773252628;120.0;1264.0000000000055;5.7;100.00764810218848;
600.0;99.98198057192288;100.10226883955909;120.0;1268.0000000000055;5.7;100.00732204220198;
600.0;99.98270134904595;100.10135774247968;120.0;1272.0000000000055;5.7;100.0070098830646;
600.0;99.98339329508411;100.10037102675281;120.0;1276.0000000000055;5.7;100.0067110321443;
600.0;99.98405756328074;100.09931494841777;120.0;1280.0000000000055;5.7;100.00642492207456;
600.0;99.98469526074952;100.09819544726939;120.0;1284.0000000000055;5.7;100.0061510096773;
600.0;99.98530745031954;100.09701815959968;120.0;1288.0000000000055;5.7;100.00588877493156;
600.0;99.98589515230675;100.09578843051159;120.0;1292.0000000000055;5.7;100.0056377199865;
600.0;99.98645934621449;100.09451132581657;120.0;1296.0000000000055;5.7;100.0053973682159;
600.0;99.9870009723659;100.0931916435272;120.0;1300.0000000000055;5.7;100.00516726331348;
600.0;99.98752093347127;100.09183392495605;120.0;1304.0000000000055;5.7;100.00494696842662;
600.0;99.98802009613242;100.0904424654316;120.0;1308.0000000000055;5.7;100.0047360653269;
600.0;99.98849929228712;100.08902132464216;120.0;1312.0000000000055;5.7;100.00453415361618;
600.0;99.98895932059563;100.08757433661812;120.0;1316.0000000000055;5.7;100.00434084996637;
600.0;99.9894009477718;100.08610511936281;120.0;1320.0000000000055;5.7;100.00415578739182;
600.0;99.98982490986093;100.08461708414238;120.0;1324.0000000000055;5.7;100.00397861455238;
600.0;99.99023191346649;100.08311344444415;120.0;1328.0000000000055;5.7;100.00380899508663;
600.0;99.99062263692782;100.08159722461362;120.0;1332.0000000000055;5.7;100.00364660697308;
600.0;99.9909977314507;100.0800712681792;120.0;1336.0000000000055;5.7;100.00349114191899;
600.0;99.99135782219268;100.07853824587426;120.0;1340.0000000000055;5.7;100.00334230477495;
600.0;99.99170350930497;100.0770006633654;120.0;1344.0000000000055;5.7;100.00319981297461;
600.0;99.99203536893278;100.07546086869597;120.0;1348.0000000000055;5.7;100.00306339599825;
600.0;99.99235395417547;100.07392105945335;120.0;1352.0000000000055;5.7;100.00293279485915;
600.0;99.99265979600845;100.07238328966865;120.0;1356.0000000000055;5.7;100.00280776161186;
600.0;99.99295340416812;100.07084947645698;120.0;1360.0000000000055;5.7;100.00268805888159;
600.0;99.9932352680014;100.06932140640654;120.0;1364.0000000000055;5.7;100.0025734594135;
600.0;99.99350585728135;100.06780074172418;120.0;1368.0000000000055;5.7;100.00246374564124;
600.0;99.9937656229901;100.06628902614544;120.0;1372.0000000000055;5.7;100.00235870927395;
600.0;99.9940149980705;100.06478769061631;120.0;1376.0000000000055;5.7;100.00225815090076;
600.0;99.99425439814767;100.06329805875427;120.0;1380.0000000000055;5.7;100.00216187961226;
600.0;99.99448422222177;100.06182135209554;120.0;1384.0000000000055;5.7;100.00206971263805;
600.0;99.9947048533329;100.06035869513572;120.0;1388.0000000000055;5.7;100.0019814749997;
600.0;99.99491665919959;100.05891112017042;120.0;1392.0000000000055;5.7;100.00189699917867;
600.0;99.9951199928316;100.05747957194264;120.0;1396.0000000000055;5.7;100.00181612479815;
600.0;99.99531519311834;100.05606491210314;120.0;1400.0000000000055;5.7;100.00173869831866;
600.0;99.99550258539361;100.05466792349036;120.0;1404.0000000000055;5.7;100.00166457274655;
600.0;99.99568248197787;100.05328931423561;120.0;1408.0000000000055;5.7;100.00159360735488;
600.0;99.99585518269875;100.05192972169986;120.0;1412.0000000000055;5.7;100.00152566741633;
600.0;99.99602097539079;100.05058971624753;120.0;1416.0000000000055;5.7;100.00146062394738;
600.0;99.99618013637516;100.04926980486307;120.0;1420.0000000000055;5.7;100.00139835346344;
600.0;99.99633293092015;100.04797043461592;120.0;1424.0000000000055;5.7;100.00133873774435;
600.0;99.99647961368333;100.04669199597876;120.0;1428.0000000000055;5.7;100.00128166361016;
600.0;99.996620429136;100.0454348260046;120.0;1432.0000000000055;5.7;100.00122702270589;
600.0;99.99675561197056;100.0441992113674;120.0;1436.0000000000055;5.7;100.00117471129619;
600.0;99.99688538749173;100.04298539127134;120.0;1440.0000000000055;5.7;100.0011246300682;
600.0;99.99700997199206;100.0417935602332;120.0;1444.0000000000055;5.7;100.00107668394303;
600.0;99.99712957311237;100.04062387074258;120.0;1448.0000000000055;5.7;100.00103078189525;
600.0;99.99724439018787;100.03947643580435;120.0;1452.0000000000055;5.7;100.00098683678019;
600.0;99.99735461458036;100.03835133136768;120.0;1456.0000000000055;5.7;100.00094476516826;
600.0;99.99746042999715;100.03724859864572;120.0;1460.0000000000055;5.7;100.0009044871868;
600.0;99.99756201279726;100.03616824633006;120.0;1464.0000000000055;5.7;100.00086592636835;
600.0;99.99765953228537;100.03511025270392;120.0;1468.0000000000055;5.7;100.00082900950545;
600.0;99.99775315099396;100.03407456765774;120.0;1472.0000000000055;5.7;100.00079366651167;
600.0;99.9978430249542;100.03306111461104;120.0;1476.0000000000055;5.7;100.00075983028854;
600.0;99.99792930395603;100.03206979234392;120.0;1480.0000000000055;5.7;100.00072743659824;
600.0;99.9980121317978;100.03110047674178;120.0;1484.0000000000055;5.7;100.00069642394156;
600.0;99.99809164652588;100.03015302245666;120.0;1488.0000000000055;5.7;100.00066673344118;
600.0;99.99816798066485;100.02922726448823;120.0;1492.0000000000055;5.7;100.00063830872986;
600.0;99.99824126143825;100.02832301968775;120.0;1496.0000000000055;5.7;100.00061109584347;
600.0;99.99831161098072;100.02744008818799;120.0;1500.0000000000055;5.7;100.00058504311856;
600.0;99.9983791465415;100.02657825476196;120.0;1504.0000000000055;5.7;100.00056010109417;
600.0;99.99844398067984;100.02573729011341;120.0;1508.0000000000055;5.7;100.00053622241803;
600.0;99.99850622145264;100.02491695210175;120.0;1512.0000000000055;5.7;100.00051336175665;
600.0;99.99856597259453;100.02411698690405;120.0;1516.0000000000055;5.7;100.00049147570918;
600.0;99.99862333369076;100.02333713011673;120.0;1520.0000000000055;5.7;100.00047052272515;
600.0;99.99867840034312;100.02257710779935;120.0;1524.0000000000055;5.7;100.0004504630254;
600.0;99.9987312643294;100.02183663746298;120.0;1528.0000000000055;5.7;100.00043125852677;
600.0;99.99878201375621;100.0211154290053;120.0;1532.0000000000055;5.7;100.00041287276966;
600.0;99.99883073320596;100.02041318559486;120.0;1536.0000000000055;5.7;100.00039527084876;
600.0;99.99887750387772;100.01972960450644;120.0;1540.0000000000055;5.7;100.00037841934697;
600.0;99.99892240372262;100.01906437790979;120.0;1544.0000000000055;5.7;100.00036228627184;
600.0;99.99896550757371;100.01841719361356;120.0;1548.0000000000055;5.7;100.00034684099484;
600.0;99.99900688727077;100.01778773576653;120.0;1552.0000000000055;5.7;100.00033205419318;
600.0;99.99904661177993;100.01717568551783;120.0;1556.0000000000055;5.7;100.00031789779423;
600.0;99.99908474730873;100.01658072163801;120.0;1560.0000000000055;5.7;100.00030434492217;
600.0;99.99912135741639;100.01600252110282;120.0;1564.0000000000055;5.7;100.00029136984696;
600.0;99.99915650311974;100.01544075964114;120.0;1568.0000000000055;5.7;100.00027894793546;
600.0;99.99919024299494;100.01489511224875;120.0;1572.0000000000055;5.7;100.00026705560482;
600.0;99.99922263327514;100.01436525366968;120.0;1576.0000000000055;5.7;100.00025567027748;
600.0;99.99925372794414;100.01385085884621;120.0;1580.0000000000055;5.7;100.00024477033848;
600.0;99.99928357882636;100.01335160333942;120.0;1584.0000000000055;5.7;100.00023433509439;
600.0;99.99931223567332;100.01286716372128;120.0;1588.0000000000055;5.7;100.00022434473394;
600.0;99.99933974624638;100.0123972179399;120.0;1592.0000000000055;5.7;100.00021478029045;
600.0;99.99936615639652;100.01194144565899;120.0;1596.0000000000055;5.7;100.000205623606;
600.0;99.99939151014065;100.01149952857288;120.0;1600.0000000000055;5.7;100.00019685729657;
600.0;99.99941584973503;100.0110711506983;120.0;1604.0000000000055;5.7;100.00018846471946;
600.0;99.99943921574562;100.01065599864393;120.0;1608.0000000000055;5.7;100.00018042994135;
600.0;99.9994616471158;100.01025376185892;120.0;1612.0000000000055;5.7;100.00017273770835;
600.0;99.99948318123116;100.00986413286138;120.0;1616.0000000000055;5.7;100.00016537341672;
600.0;99.9995038539819;100.00948680744787;120.0;1620.0000000000055;5.7;100.00015832308544;
600.0;99.99952369982263;100.00912148488477;120.0;1624.0000000000055;5.7;100.00015157332952;
600.0;99.99954275182972;100.00876786808261;120.0;1628.0000000000055;5.7;100.00014511133456;
600.0;99.99956104175654;100.0084256637541;120.0;1632.0000000000055;5.7;100.00013892483251;
600.0;99.99957860008628;100.0080945825567;120.0;1636.0000000000055;5.7;100.00013300207836;
600.0;99.99959545608283;100.00777433922079;120.0;1640.0000000000055;5.7;100.00012733182778;
600.0;99.99961163783952;100.00746465266387;120.0;1644.0000000000055;5.7;100.00012190331583;
600.0;99.99962717232594;100.00716524609177;120.0;1648.0000000000055;5.7;100.00011670623654;
600.0;99.99964208543291;100.0068758470876;120.0;1652.0000000000055;5.7;100.00011173072329;
600.0;99.99965640201559;100.00659618768891;120.0;1656.0000000000055;5.7;100.00010696733005;
600.0;99.99967014593497;100.00632600445402;120.0;1660.0000000000055;5.7;100.00010240701361;
600.0;99.99968334009758;100.00606503851787;120.0;1664.0000000000055;5.7;100.0000980411162;
600.0;99.99969600649368;100.0058130356382;120.0;1668.0000000000055;5.7;100.00009386134924;
600.0;99.99970816623393;100.00556974623248;120.0;1672.0000000000055;5.7;100.00008985977739;
600.0;99.99971983958457;100.00533492540629;120.0;1676.0000000000055;5.7;100.00008602880376;
600.0;99.99973104600119;100.00510833297353;120.0;1680.0000000000055;5.7;100.00008236115526;
600.0;99.99974180416115;100.00488973346908;120.0;1684.0000000000055;5.7;100.00007884986887;
600.0;99.9997521319947;100.0046788961543;120.0;1688.0000000000055;5.7;100.00007548827841;
600.0;99.9997620467149;100.00447559501589;120.0;1692.0000000000055;5.7;100.000072270002;
600.0;99.99977156484631;100.0042796087585;120.0;1696.0000000000055;5.7;100.00006918892969;
600.0;99.99978070225247;100.00409072079157;120.0;1700.0000000000055;5.7;100.0000662392121;
600.0;99.99978947416237;100.00390871921076;120.0;1704.0000000000055;5.7;100.00006341524922;
600.0;99.99979789519587;100.00373339677428;120.0;1708.0000000000055;5.7;100.00006071167981;
600.0;99.99980597938803;100.00356455087461;120.0;1712.0000000000055;5.7;100.00005812337109;
600.0;99.9998137402125;100.0034019835059;120.0;1716.0000000000055;5.7;100.0000556454092;
600.0;99.999821190604;100.00324550122727;120.0;1720.0000000000055;5.7;100.0000532730898;
600.0;99.99982834297984;100.00309491512253;120.0;1724.0000000000055;5.7;100.00005100190899;
600.0;99.99983520926065;100.00295004075647;120.0;1728.0000000000055;5.7;100.00004882755495;
600.0;99.99984180089022;100.002810698128;120.0;1732.0000000000055;5.7;100.00004674589974;
600.0;99.99984812885461;100.00267671162041;120.0;1736.0000000000055;5.7;100.00004475299129;
600.0;99.99985420370042;100.00254790994916;120.0;1740.0000000000055;5.7;100.0000428450461;
600.0;99.9998600355524;100.00242412610716;120.0;1744.0000000000055;5.7;100.00004101844196;
600.0;99.9998656341303;100.00230519730803;120.0;1748.0000000000055;5.7;100.00003926971107;
600.0;99.99987100876508;100.00219096492737;120.0;1752.0000000000055;5.7;100.00003759553344;
600.0;99.99987616841447;100.00208127444233;120.0;1756.0000000000055;5.7;100.0000359927307;
600.0;99.9998811216779;100.00197597536973;120.0;1760.0000000000055;5.7;100.00003445825993;
600.0;99.99988587681078;100.00187492120271;120.0;1764.0000000000055;5.7;100.00003298920792;
600.0;99.99989044173834;100.00177796934634;120.0;1768.0000000000055;5.7;100.00003158278575;
600.0;99.9998948240688;100.00168498105212;120.0;1772.0000000000055;5.7;100.00003023632324;
600.0;99.99989903110605;100.00159582135173;120.0;1776.0000000000055;5.7;100.00002894726423;
600.0;99.99990306986182;100.00151035898995;120.0;1780.0000000000055;5.7;100.00002771316139;
600.0;99.99990694706734;100.00142846635715;120.0;1784.0000000000055;5.7;100.00002653167182;
600.0;99.99991066918466;100.00135001942122;120.0;1788.0000000000055;5.7;100.00002540055245;
600.0;99.99991424241728;100.00127489765921;120.0;1792.0000000000055;5.7;100.00002431765586;
600.0;99.99991767272058;100.00120298398878;120.0;1796.0000000000055;5.7;100.00002328092617;
600.0;99.99992096581177;100.0011341646995;120.0;1800.0000000000055;5.7;100.00002228839519;
600.0;99.9999241271793;100.00106832938418;120.0;1804.0000000000055;5.7;100.00002133817854;
600.0;99.99992716209212;100.00100537087029;120.0;1808.0000000000055;5.7;100.00002042847233;
600.0;99.99993007560843;100.00094518515148;120.0;1812.0000000000055;5.7;100.00001955754942;
600.0;99.9999328725841;100.00088767131942;120.0;1816.0000000000055;5.7;100.00001872375638;
600.0;99.99993555768073;100.00083273149596;120.0;1820.0000000000055;5.7;100.00001792551029;
600.0;99.9999381353735;100.00078027076565;120.0;1824.0000000000055;5.7;100.00001716129564;
600.0;99.99994060995856;100.0007301971087;120.0;1828.0000000000055;5.7;100.00001642966161;
600.0;99.99994298556021;100.00068242133452;120.0;1832.0000000000055;5.7;100.00001572921919;
600.0;99.9999452661378;100.0006368570158;120.0;1836.0000000000055;5.7;100.0000150586386;
600.0;99.99994745549229;100.00059342042323;120.0;1840.0000000000055;5.7;100.0000144166467;
600.0;99.9999495572726;100.0005520304608;120.0;1844.0000000000055;5.7;100.00001380202474;
600.0;99.9999515749817;100.00051260860197;120.0;1848.0000000000055;5.7;100.00001321360583;
600.0;99.99995351198243;100.00047507882644;120.0;1852.0000000000055;5.7;100.00001265027285;
600.0;99.99995537150313;100.00043936755782;120.0;1856.0000000000055;5.7;100.00001211095632;
600.0;99.999957156643;100.000405403602;120.0;1860.0000000000055;5.7;100.00001159463241;
600.0;99.99995887037728;100.0003731180865;120.0;1864.0000000000055;5.7;100.00001110032079;
600.0;99.9999605155622;100.00034244440056;120.0;1868.0000000000055;5.7;100.00001062708309;
600.0;99.9999620949397;100.00031331813624;120.0;1872.0000000000055;5.7;100.00001017402079;
600.0;99.99996361114212;100.00028567703033;120.0;1876.0000000000055;5.7;100.00000974027385;
600.0;99.99996506669643;100.0002594609073;120.0;1880.0000000000055;5.7;100.00000932501871;
600.0;99.99996646402857;100.0002346116231;120.0;1884.0000000000055;5.7;100.00000892746709;
600.0;99.99996780546743;100.00021107300996;120.0;1888.0000000000055;5.7;100.00000854686421;
600.0;99.99996909324874;100.00018879082221;120.0;1892.0000000000055;5.7;100.00000818248748;
600.0;99.99997032951879;100.00016771268297;120.0;1896.0000000000055;5.7;100.00000783364516;
600.0;99.99997151633804;100.00014778803191;120.0;1900.0000000000055;5.7;100.00000749967495;
600.0;99.99997265568452;100.00012896807401;120.0;1904.0000000000055;5.7;100.00000717994284;
600.0;99.99997374945714;100.00011120572925;120.0;1908.0000000000055;5.7;100.00000687384178;
600.0;99.99997479947885;100.0000944555834;120.0;1912.0000000000055;5.7;100.00000658079068;
600.0;99.9999758074997;100.00007867383961;120.0;1916.0000000000055;5.7;100.00000630023318;
600.0;99.99997677519971;100.0000638182713;120.0;1920.0000000000055;5.7;100.00000603163662;
600.0;99.99997770419172;100.00004984817576;120.0;1924.0000000000055;5.7;100.00000577449107;
600.0;99.99997859602405;100.0000367243289;120.0;1928.0000000000055;5.7;100.00000552830839;
600.0;99.99997945218308;100.00002440894092;120.0;1932.0000000000055;5.7;100.00000529262111;
600.0;99.99998027409576;100.00001286561303;120.0;1936.0000000000055;5.7;100.0000050669819;
600.0;99.99998106313193;100.00000205929508;120.0;1940.0000000000055;5.7;100.00000485096228;
600.0;99.99998182060665;99.99999195624419;120.0;1944.0000000000055;5.7;100.00000464415218;
600.0;99.99998254778238;99.99998252398429;120.0;1948.0000000000055;5.7;100.000004446159;
600.0;99.99998324587108;99.99997373126672;120.0;1952.0000000000055;5.7;100.00000425660681;
600.0;99.99998391603623;99.99996554803168;120.0;1956.0000000000055;5.7;100.00000407513573;
600.0;99.99998455939478;99.99995794537062;120.0;1960.0000000000055;5.7;100.00000390140133;
600.0;99.99998517701898;99.99995089548959;120.0;1964.0000000000055;5.7;100.00000373507366;
600.0;99.99998576993822;99.99994437167346;120.0;1968.0000000000055;5.7;100.00000357583703;
600.0;99.99998633914069;99.99993834825109;120.0;1972.0000000000055;5.7;100.00000342338909;
600.0;99.99998688557507;99.99993280056133;120.0;1976.0000000000055;5.7;100.00000327744044;
600.0;99.99998741015207;99.99992770491987;120.0;1980.0000000000055;5.7;100.00000313771399;
600.0;99.999987913746;99.9999230385871;120.0;1984.0000000000055;5.7;100.00000300394447;
600.0;99.99998839719616;99.99991877973662;120.0;1988.0000000000055;5.7;100.00000287587791;
600.0;99.99998886130831;99.99991490742472;120.0;1992.0000000000055;5.7;100.0000027532712;
600.0;99.99998930685598;99.99991140156064;120.0;1996.0000000000055;5.7;100.00000263589155;
600.0;99.99998973458175;99.9999082428776;120.0;2000.0000000000055;5.7;100.00000252351612;
600.0;99.99999014519848;99.99990541290467;120.0;2004.0000000000055;5.7;100.00000241593156;
600.0;99.99999053939054;99.99990289393943;120.0;2008.0000000000055;5.7;100.00000231293363;
